username,mentioned,date,id
nicolaskasprzak,contagemcorona1,Tue Feb 08 23:59:45 +0000 2022,1491200108389888002
Racheldomi,contagemcorona1,Tue Feb 08 23:59:10 +0000 2022,1491199961643753478
Bot_Corona_V,BrazilSFE,Tue Feb 08 23:58:57 +0000 2022,1491199905125355522
Bot_Corona_V,merial,Tue Feb 08 23:58:57 +0000 2022,1491199905125355522
Bot_Corona_V,kineta,Tue Feb 08 23:58:57 +0000 2022,1491199905125355522
BrazilSFE,merial,Tue Feb 08 23:58:07 +0000 2022,1491199696668344323
BrazilSFE,kineta,Tue Feb 08 23:58:07 +0000 2022,1491199696668344323
Intermexe,contagemcorona1,Tue Feb 08 23:57:43 +0000 2022,1491199596105977856
viralvideovlogs,contagemcorona1,Tue Feb 08 23:57:28 +0000 2022,1491199532318797824
renato_ssouza,contagemcorona1,Tue Feb 08 23:57:27 +0000 2022,1491199528468647939
aecio141,contagemcorona1,Tue Feb 08 23:56:33 +0000 2022,1491199302022365186
giancarlozero,contagemcorona1,Tue Feb 08 23:56:19 +0000 2022,1491199242471366663
rodrigay_,maricelsojunior,Tue Feb 08 23:56:07 +0000 2022,1491199194643644417
GenivalDamasce1,mqueiroga2,Tue Feb 08 23:55:10 +0000 2022,1491198953232429056
Phantom_Finance,BielAlmodovar,Tue Feb 08 23:54:37 +0000 2022,1491198816363905025
2015Fmbs,mqueiroga2,Tue Feb 08 23:54:06 +0000 2022,1491198684734062592
bluiz2010,AiltonBenedito,Tue Feb 08 23:52:17 +0000 2022,1491198230448975872
Guttto,contagemcorona1,Tue Feb 08 23:49:47 +0000 2022,1491197597666918400
JuarezBorges62,mqueiroga2,Tue Feb 08 23:49:28 +0000 2022,1491197520046821377
marildamsantos,mqueiroga2,Tue Feb 08 23:46:26 +0000 2022,1491196758265057280
Antonio208020,mqueiroga2,Tue Feb 08 23:45:41 +0000 2022,1491196568405704706
MSinarinha,contagemcorona1,Tue Feb 08 23:44:39 +0000 2022,1491196307981336577
WellynaS_,contagemcorona1,Tue Feb 08 23:44:15 +0000 2022,1491196206852100100
FeSa972,contagemcorona1,Tue Feb 08 23:40:37 +0000 2022,1491195292619788288
FeSa972,contagemcorona1,Tue Feb 08 23:40:28 +0000 2022,1491195253956747266
FeSa972,contagemcorona1,Tue Feb 08 23:40:00 +0000 2022,1491195137078222850
Bot_Corona_V,Ogabrielgg,Tue Feb 08 23:39:56 +0000 2022,1491195119583862789
FeSa972,contagemcorona1,Tue Feb 08 23:39:43 +0000 2022,1491195067775782914
FeSa972,contagemcorona1,Tue Feb 08 23:38:11 +0000 2022,1491194680347930628
Andre_leao1906,elishbajoachim,Tue Feb 08 23:37:27 +0000 2022,1491194496146866178
FeSa972,contagemcorona1,Tue Feb 08 23:36:38 +0000 2022,1491194290562867205
tonyreis_tr1,mqueiroga2,Tue Feb 08 23:36:34 +0000 2022,1491194275241283584
pedro_orlandini,contagemcorona1,Tue Feb 08 23:35:11 +0000 2022,1491193924480020480
FeSa972,contagemcorona1,Tue Feb 08 23:34:41 +0000 2022,1491193800785633283
turicas,brasil_io,Tue Feb 08 23:34:40 +0000 2022,1491193793613549568
turicas,brasil_io,Tue Feb 08 23:34:40 +0000 2022,1491193793613549568
CunhaJay,mqueiroga2,Tue Feb 08 23:34:26 +0000 2022,1491193737690873858
FeSa972,contagemcorona1,Tue Feb 08 23:34:05 +0000 2022,1491193648620449796
DanielFLieff,mqueiroga2,Tue Feb 08 23:33:29 +0000 2022,1491193498682343425
Maria_Irritada,contagemcorona1,Tue Feb 08 23:33:29 +0000 2022,1491193496270929920
EstanilauBretas,istoe_dinheiro,Tue Feb 08 23:32:42 +0000 2022,1491193301021511680
FeSa972,contagemcorona1,Tue Feb 08 23:31:46 +0000 2022,1491193065767378949
LianeBorn,contagemcorona1,Tue Feb 08 23:31:43 +0000 2022,1491193051767017474
FeSa972,contagemcorona1,Tue Feb 08 23:31:29 +0000 2022,1491192995303018501
MarceloTimote12,mqueiroga2,Tue Feb 08 23:31:10 +0000 2022,1491192914781048835
FeSa972,contagemcorona1,Tue Feb 08 23:31:04 +0000 2022,1491192887316553729
FeSa972,contagemcorona1,Tue Feb 08 23:29:55 +0000 2022,1491192598572249092
FeSa972,contagemcorona1,Tue Feb 08 23:29:52 +0000 2022,1491192587159543816
FeSa972,contagemcorona1,Tue Feb 08 23:29:40 +0000 2022,1491192536332963843
persone_09,contagemcorona1,Tue Feb 08 23:29:38 +0000 2022,1491192526820511745
FeSa972,contagemcorona1,Tue Feb 08 23:29:29 +0000 2022,1491192492393443329
gaudium73,latinus_us,Tue Feb 08 23:29:06 +0000 2022,1491192394133676034
juliangf74,latinus_us,Tue Feb 08 23:28:13 +0000 2022,1491192170036236289
ceellla,contagemcorona1,Tue Feb 08 23:26:31 +0000 2022,1491191745480392704
Luzem1,proindio,Tue Feb 08 23:25:42 +0000 2022,1491191540785377281
MSinarinha,contagemcorona1,Tue Feb 08 23:24:59 +0000 2022,1491191357998002176
Veniltonleal2,governodoamapa,Tue Feb 08 23:24:56 +0000 2022,1491191345469214722
SrtaLee123,mqueiroga2,Tue Feb 08 23:24:18 +0000 2022,1491191186605756416
brasil_io,brasil_io,Tue Feb 08 23:24:18 +0000 2022,1491191184546746369
MannyMtzA,latinus_us,Tue Feb 08 23:23:48 +0000 2022,1491191061330685953
corona_tweet,latinus_us,Tue Feb 08 23:23:45 +0000 2022,1491191047803834376
carsafa521,latinus_us,Tue Feb 08 23:23:30 +0000 2022,1491190984595873792
jorgemcorderom,latinus_us,Tue Feb 08 23:23:29 +0000 2022,1491190978983641092
Ceclio16,mqueiroga2,Tue Feb 08 23:23:09 +0000 2022,1491190899069575168
JaciraMonta,contagemcorona1,Tue Feb 08 23:22:56 +0000 2022,1491190842484494339
Cami45pp,latinus_us,Tue Feb 08 23:22:20 +0000 2022,1491190690231238656
mariocampos,latinus_us,Tue Feb 08 23:21:59 +0000 2022,1491190602494799874
suzana_barberio,SigaGazetaBR,Tue Feb 08 23:21:48 +0000 2022,1491190558538473472
Bot_Corona_V,latinus_us,Tue Feb 08 23:20:55 +0000 2022,1491190333249441792
GhiBordin,istoe_dinheiro,Tue Feb 08 23:20:00 +0000 2022,1491190103431335936
MarioCalvano1,contagemcorona1,Tue Feb 08 23:19:34 +0000 2022,1491189997180895234
MarioCalvano1,contagemcorona1,Tue Feb 08 23:18:54 +0000 2022,1491189826615332869
FilhoRq,AiltonBenedito,Tue Feb 08 23:17:25 +0000 2022,1491189454408937473
ramos_destro,mqueiroga2,Tue Feb 08 23:16:22 +0000 2022,1491189189135958022
Bot_Corona_V,BrazilSFE,Tue Feb 08 23:15:54 +0000 2022,1491189073775628293
Bot_Corona_V,Wyeth,Tue Feb 08 23:15:54 +0000 2022,1491189073775628293
Bot_Corona_V,Zoetis,Tue Feb 08 23:15:54 +0000 2022,1491189073775628293
Bot_Corona_V,merial,Tue Feb 08 23:15:54 +0000 2022,1491189073775628293
Manoel21527662,mqueiroga2,Tue Feb 08 23:15:43 +0000 2022,1491189026803830785
BrazilSFE,Wyeth,Tue Feb 08 23:15:10 +0000 2022,1491188887003320329
BrazilSFE,Zoetis,Tue Feb 08 23:15:10 +0000 2022,1491188887003320329
SystemTitanium,AiltonBenedito,Tue Feb 08 23:08:23 +0000 2022,1491187181935038465
CleideA44305992,mqueiroga2,Tue Feb 08 23:07:28 +0000 2022,1491186952221392896
covidestanoar,vanssilveira,Tue Feb 08 23:06:53 +0000 2022,1491186803512340481
profetadorancor,contagemcorona1,Tue Feb 08 23:06:49 +0000 2022,1491186784935747584
ElcyPereira9,mqueiroga2,Tue Feb 08 23:05:05 +0000 2022,1491186349910593536
JC_Barajas,Luis_C_Sandoval,Tue Feb 08 23:04:15 +0000 2022,1491186141173026816
CandiaCrf,contagemcorona1,Tue Feb 08 23:03:47 +0000 2022,1491186022037987329
viralvideovlogs,projmandacaru,Tue Feb 08 23:03:04 +0000 2022,1491185842404134914
beattrice_,projmandacaru,Tue Feb 08 23:03:02 +0000 2022,1491185833873133569
sergioyendo,MSF_brasil,Tue Feb 08 23:02:36 +0000 2022,1491185723663609856
divinaisis,AiltonBenedito,Tue Feb 08 23:01:57 +0000 2022,1491185561801224192
DanielRanieri3,AiltonBenedito,Tue Feb 08 23:00:29 +0000 2022,1491185192782143488
fabriciohorta,contagemcorona1,Tue Feb 08 22:59:40 +0000 2022,1491184986745352194
Bot_Corona_V,BrazilSFE,Tue Feb 08 22:58:53 +0000 2022,1491184791483555841
Bot_Corona_V,merial,Tue Feb 08 22:58:53 +0000 2022,1491184791483555841
Bot_Corona_V,kineta,Tue Feb 08 22:58:53 +0000 2022,1491184791483555841
DorocheMauro,mqueiroga2,Tue Feb 08 22:58:18 +0000 2022,1491184641734483968
BrazilSFE,merial,Tue Feb 08 22:58:07 +0000 2022,1491184598423904256
BrazilSFE,kineta,Tue Feb 08 22:58:07 +0000 2022,1491184598423904256
BerniniCida,sinprodf,Tue Feb 08 22:57:43 +0000 2022,1491184498524168194
BerniniCida,Gov_DF,Tue Feb 08 22:57:43 +0000 2022,1491184498524168194
sonlaurentino,proindio,Tue Feb 08 22:56:44 +0000 2022,1491184250355597312
KihtiReto,proindio,Tue Feb 08 22:56:18 +0000 2022,1491184140850724864
MarcianoBrito13,contagemcorona1,Tue Feb 08 22:55:23 +0000 2022,1491183909383852033
fabriciohorta,contagemcorona1,Tue Feb 08 22:52:53 +0000 2022,1491183282285064192
Mikkoli,proindio,Tue Feb 08 22:52:30 +0000 2022,1491183182137675776
Mulher_Noticia,contagemcorona1,Tue Feb 08 22:52:04 +0000 2022,1491183076659318785
SuelyTonin,AiltonBenedito,Tue Feb 08 22:50:57 +0000 2022,1491182793485070336
Mulher_Noticia,contagemcorona1,Tue Feb 08 22:50:50 +0000 2022,1491182763458056195
ManitiF,AiltonBenedito,Tue Feb 08 22:50:34 +0000 2022,1491182697884319748
jacintamonteir1,AiltonBenedito,Tue Feb 08 22:49:57 +0000 2022,1491182543093506048
sinprodf,Gov_DF,Tue Feb 08 22:49:17 +0000 2022,1491182373668794368
pabloSantos01,mqueiroga2,Tue Feb 08 22:48:30 +0000 2022,1491182175563452417
letrasmari,contagemcorona1,Tue Feb 08 22:47:49 +0000 2022,1491182003513073664
gtfilho,mqueiroga2,Tue Feb 08 22:47:43 +0000 2022,1491181980419256324
gercioeli,AiltonBenedito,Tue Feb 08 22:46:32 +0000 2022,1491181681604435969
UlyssesBraga1,AiltonBenedito,Tue Feb 08 22:46:25 +0000 2022,1491181651166044168
Fefa_Gouveia,contagemcorona1,Tue Feb 08 22:45:24 +0000 2022,1491181398690254852
viralvideovlogs,proindio,Tue Feb 08 22:45:03 +0000 2022,1491181308466417668
lavinyatagarro_,contagemcorona1,Tue Feb 08 22:44:46 +0000 2022,1491181235989016576
Cesar2045Cesar,mqueiroga2,Tue Feb 08 22:44:13 +0000 2022,1491181099841896448
UlyssesBraga1,mqueiroga2,Tue Feb 08 22:43:33 +0000 2022,1491180931511898114
Leopoldohepta,mqueiroga2,Tue Feb 08 22:42:53 +0000 2022,1491180764847026176
tavares6_waldir,mqueiroga2,Tue Feb 08 22:41:49 +0000 2022,1491180497124626432
Marilda75409433,contagemcorona1,Tue Feb 08 22:40:56 +0000 2022,1491180271722692611
tehdoideh,tiagobentancour,Tue Feb 08 22:40:12 +0000 2022,1491180090331664385
PenhaPiccolo,AiltonBenedito,Tue Feb 08 22:39:46 +0000 2022,1491179979690115072
heraclito_c,contagemcorona1,Tue Feb 08 22:39:17 +0000 2022,1491179858508283905
Bot_Corona_V,FaroldaB,Tue Feb 08 22:36:52 +0000 2022,1491179249893617672
BrunaAntures,mqueiroga2,Tue Feb 08 22:36:01 +0000 2022,1491179036277899271
Bot_Corona_V,opentefino,Tue Feb 08 22:35:52 +0000 2022,1491178998105362438
pastor_marcel,mqueiroga2,Tue Feb 08 22:35:41 +0000 2022,1491178950990888963
nicolaskasprzak,contagemcorona1,Tue Feb 08 22:34:57 +0000 2022,1491178765778825220
isainho,AiltonBenedito,Tue Feb 08 22:33:40 +0000 2022,1491178444176388098
Petrovarius,AiltonBenedito,Tue Feb 08 22:32:50 +0000 2022,1491178234830274562
Flavinha_AB,TVJustica,Tue Feb 08 22:32:37 +0000 2022,1491178180132360192
olivionava,mqueiroga2,Tue Feb 08 22:32:27 +0000 2022,1491178139707674626
FernandaKellner,AiltonBenedito,Tue Feb 08 22:31:21 +0000 2022,1491177862724202500
cleverson_rego,AiltonBenedito,Tue Feb 08 22:31:14 +0000 2022,1491177832139337728
Bot_Corona_V,ideias_c,Tue Feb 08 22:29:52 +0000 2022,1491177486486548486
Bot_Corona_V,JornalLex,Tue Feb 08 22:29:52 +0000 2022,1491177486486548486
ideias_c,JornalLex,Tue Feb 08 22:29:05 +0000 2022,1491177288700145667
marciamatos77,AiltonBenedito,Tue Feb 08 22:28:13 +0000 2022,1491177072416665600
beregmaciel,AiltonBenedito,Tue Feb 08 22:27:32 +0000 2022,1491176898906722304
_utipac,tvcultura,Tue Feb 08 22:27:30 +0000 2022,1491176893407985666
yredlav,contagemcorona1,Tue Feb 08 22:26:32 +0000 2022,1491176647433015297
infoambiental,contagemcorona1,Tue Feb 08 22:26:23 +0000 2022,1491176612779692033
bcbm15,AiltonBenedito,Tue Feb 08 22:26:10 +0000 2022,1491176558056579073
Carla40882077,contagemcorona1,Tue Feb 08 22:26:03 +0000 2022,1491176525466849282
infoambiental,contagemcorona1,Tue Feb 08 22:25:52 +0000 2022,1491176481607024643
GrangerAlves,AiltonBenedito,Tue Feb 08 22:25:50 +0000 2022,1491176473205829632
Vivianerecife,AiltonBenedito,Tue Feb 08 22:25:37 +0000 2022,1491176418264649731
Igor_Barretto,AiltonBenedito,Tue Feb 08 22:25:36 +0000 2022,1491176415026319361
MarcianoBrito13,contagemcorona1,Tue Feb 08 22:25:32 +0000 2022,1491176397582512128
Camilo20211,mqueiroga2,Tue Feb 08 22:25:06 +0000 2022,1491176287695958018
Oliveira892345,mqueiroga2,Tue Feb 08 22:25:01 +0000 2022,1491176269123588098
ToniatoMi,AiltonBenedito,Tue Feb 08 22:24:49 +0000 2022,1491176216417943556
joquari,AiltonBenedito,Tue Feb 08 22:24:16 +0000 2022,1491176079872372737
RogrioJosPinto1,AiltonBenedito,Tue Feb 08 22:24:15 +0000 2022,1491176072704327680
NPersonalander,NPersonalander,Tue Feb 08 22:24:07 +0000 2022,1491176039984549893
Clara46397117,contagemcorona1,Tue Feb 08 22:23:52 +0000 2022,1491175977883701248
corona_tweet,governodoamapa,Tue Feb 08 22:23:35 +0000 2022,1491175908379709444
claudemirmirand,mqueiroga2,Tue Feb 08 22:23:26 +0000 2022,1491175867653177344
Anousca65,AiltonBenedito,Tue Feb 08 22:23:24 +0000 2022,1491175859533021186
magdielnascimen,AiltonBenedito,Tue Feb 08 22:23:14 +0000 2022,1491175818332348417
dea_ln_,AiltonBenedito,Tue Feb 08 22:23:02 +0000 2022,1491175769049276417
JLuizEsteves,mqueiroga2,Tue Feb 08 22:22:45 +0000 2022,1491175696848535552
das_gramor,Eu_Laira,Tue Feb 08 22:22:02 +0000 2022,1491175516883533824
das_gramor,padilhando,Tue Feb 08 22:22:02 +0000 2022,1491175516883533824
MaJorSantos,AiltonBenedito,Tue Feb 08 22:22:01 +0000 2022,1491175513318051841
OrighInter,mqueiroga2,Tue Feb 08 22:21:45 +0000 2022,1491175443893866497
viralvideovlogs,AiltonBenedito,Tue Feb 08 22:21:22 +0000 2022,1491175349396381707
1976Mnc,AiltonBenedito,Tue Feb 08 22:21:13 +0000 2022,1491175309861060611
Bot_Corona_V,governodoamapa,Tue Feb 08 22:20:51 +0000 2022,1491175219440013312
Aline_lfa,mqueiroga2,Tue Feb 08 22:20:00 +0000 2022,1491175002942873606
sjshelties,AiltonBenedito,Tue Feb 08 22:19:40 +0000 2022,1491174920382193665
JosFerr04554029,mqueiroga2,Tue Feb 08 22:19:38 +0000 2022,1491174910865317892
wandercsalles2,mqueiroga2,Tue Feb 08 22:19:12 +0000 2022,1491174802174115842
CarlaPatMG,AiltonBenedito,Tue Feb 08 22:18:54 +0000 2022,1491174726525677569
XucraDireita,AiltonBenedito,Tue Feb 08 22:18:38 +0000 2022,1491174659852627974
AlessandraBremm,contagemcorona1,Tue Feb 08 22:18:36 +0000 2022,1491174650902384640
ConservadoraFNX,AiltonBenedito,Tue Feb 08 22:18:34 +0000 2022,1491174643654602759
soobser47710052,contagemcorona1,Tue Feb 08 22:18:20 +0000 2022,1491174584619761664
Luciano31369221,mqueiroga2,Tue Feb 08 22:17:53 +0000 2022,1491174472308916225
lavinyatagarro_,contagemcorona1,Tue Feb 08 22:17:43 +0000 2022,1491174428432281601
RobsonBoxe,AiltonBenedito,Tue Feb 08 22:17:42 +0000 2022,1491174424745492482
dersinho13,AiltonBenedito,Tue Feb 08 22:17:34 +0000 2022,1491174390431895554
Aline_lfa,AiltonBenedito,Tue Feb 08 22:17:29 +0000 2022,1491174370328211456
PatriaAmada8,AiltonBenedito,Tue Feb 08 22:17:13 +0000 2022,1491174302422806528
piloto2012,mqueiroga2,Tue Feb 08 22:17:10 +0000 2022,1491174293643804673
MarcelinoCarv,mqueiroga2,Tue Feb 08 22:17:00 +0000 2022,1491174249721401344
ndazev,AiltonBenedito,Tue Feb 08 22:16:57 +0000 2022,1491174236001808385
ki07110484,AiltonBenedito,Tue Feb 08 22:16:49 +0000 2022,1491174205467271171
dominiofeminino,AiltonBenedito,Tue Feb 08 22:16:48 +0000 2022,1491174200727715840
rickcarvalho007,AiltonBenedito,Tue Feb 08 22:16:13 +0000 2022,1491174051058192384
VictorA70286753,AiltonBenedito,Tue Feb 08 22:16:08 +0000 2022,1491174031458209794
MSK182931,AiltonBenedito,Tue Feb 08 22:16:01 +0000 2022,1491174004001947651
AndreQueirozz4,AiltonBenedito,Tue Feb 08 22:15:44 +0000 2022,1491173930794893312
mavericknewss,mqueiroga2,Tue Feb 08 22:15:34 +0000 2022,1491173887652265987
MartaRabelloSa1,mqueiroga2,Tue Feb 08 22:14:58 +0000 2022,1491173737819152384
esper_alberto,mqueiroga2,Tue Feb 08 22:14:32 +0000 2022,1491173629195091969
otavioavilaaa,contagemcorona1,Tue Feb 08 22:14:14 +0000 2022,1491173552699342848
plot_start,contagemcorona1,Tue Feb 08 22:13:39 +0000 2022,1491173406431391745
glauberjaa,mqueiroga2,Tue Feb 08 22:12:08 +0000 2022,1491173025361784832
viralvideovlogs,mqueiroga2,Tue Feb 08 22:11:22 +0000 2022,1491172830398287873
Carolmph,mqueiroga2,Tue Feb 08 22:11:20 +0000 2022,1491172825469956103
SargentoGarcia,mqueiroga2,Tue Feb 08 22:11:18 +0000 2022,1491172815701438467
Edilanebornh,mqueiroga2,Tue Feb 08 22:10:50 +0000 2022,1491172696973283329
rosasena,contagemcorona1,Tue Feb 08 22:08:20 +0000 2022,1491172067634724864
Rulad0,contagemcorona1,Tue Feb 08 22:07:52 +0000 2022,1491171952664674306
wtoume,contagemcorona1,Tue Feb 08 22:07:11 +0000 2022,1491171780311937024
Bot_Corona_V,portalhospbra,Tue Feb 08 22:06:50 +0000 2022,1491171692961488896
neco_anastacio,contagemcorona1,Tue Feb 08 22:05:50 +0000 2022,1491171437616730112
vieiratheusm,macaeprefeitura,Tue Feb 08 22:05:40 +0000 2022,1491171398429323266
Maria98823347,contagemcorona1,Tue Feb 08 22:03:18 +0000 2022,1491170803010117635
SarahFeanor,contagemcorona1,Tue Feb 08 22:03:13 +0000 2022,1491170781073911808
jefogocenoura,contagemcorona1,Tue Feb 08 22:01:12 +0000 2022,1491170272577470464
flaviamadruga,contagemcorona1,Tue Feb 08 22:01:11 +0000 2022,1491170269599498240
KetyFrancis,contagemcorona1,Tue Feb 08 22:01:05 +0000 2022,1491170243519336448
ClementinoIlnah,contagemcorona1,Tue Feb 08 22:00:51 +0000 2022,1491170187613458433
JuliaSchucht,contagemcorona1,Tue Feb 08 22:00:47 +0000 2022,1491170168738758658
dimerstt,contagemcorona1,Tue Feb 08 21:59:33 +0000 2022,1491169858415136769
Mulher_Noticia,contagemcorona1,Tue Feb 08 21:59:03 +0000 2022,1491169730618871809
Bot_Corona_V,BrazilSFE,Tue Feb 08 21:58:51 +0000 2022,1491169680949710850
Bot_Corona_V,merial,Tue Feb 08 21:58:51 +0000 2022,1491169680949710850
Bot_Corona_V,kineta,Tue Feb 08 21:58:51 +0000 2022,1491169680949710850
BrazilSFE,merial,Tue Feb 08 21:58:07 +0000 2022,1491169497939644422
BrazilSFE,kineta,Tue Feb 08 21:58:07 +0000 2022,1491169497939644422
BiaRMesquita,contagemcorona1,Tue Feb 08 21:57:54 +0000 2022,1491169444781228032
soobser47710052,contagemcorona1,Tue Feb 08 21:57:16 +0000 2022,1491169284760178691
Mulher_Noticia,contagemcorona1,Tue Feb 08 21:56:49 +0000 2022,1491169172461862912
vaneasimivrsa,jornal_cultura,Tue Feb 08 21:54:44 +0000 2022,1491168645346897922
claudicou,contagemcorona1,Tue Feb 08 21:52:50 +0000 2022,1491168169045929986
JampaRobo,portalVALENTlNA,Tue Feb 08 21:48:40 +0000 2022,1491167120050331652
JampaRobo,portalVALENTlNA,Tue Feb 08 21:48:40 +0000 2022,1491167120029372422
EliTole1,contagemcorona1,Tue Feb 08 21:47:13 +0000 2022,1491166752570748928
LuciaRSGomes,contagemcorona1,Tue Feb 08 21:46:58 +0000 2022,1491166690574741507
Bot_Corona_V,portalVALENTlNA,Tue Feb 08 21:44:49 +0000 2022,1491166151619063809
AlkminLeandra,NPersonalander,Tue Feb 08 21:42:59 +0000 2022,1491165689956421632
ninouk72,pfizer,Tue Feb 08 21:42:30 +0000 2022,1491165567306264576
viralvideovlogs,AndersonCardeal,Tue Feb 08 21:34:59 +0000 2022,1491163675767488516
dEArchi_tect,pfizer,Tue Feb 08 21:33:47 +0000 2022,1491163372687327233
clagraca,contagemcorona1,Tue Feb 08 21:32:14 +0000 2022,1491162982382202880
Kbid83,contagemcorona1,Tue Feb 08 21:30:54 +0000 2022,1491162648784011267
viralvideovlogs,folhadamatamg,Tue Feb 08 21:29:59 +0000 2022,1491162415882510340
JuliaSchucht,contagemcorona1,Tue Feb 08 21:29:24 +0000 2022,1491162270474604544
dani_danitsa,contagemcorona1,Tue Feb 08 21:29:04 +0000 2022,1491162187335094273
xandinhamc,contagemcorona1,Tue Feb 08 21:28:27 +0000 2022,1491162033462874114
Gussono,contagemcorona1,Tue Feb 08 21:27:41 +0000 2022,1491161838276726784
corona_tweet,DanAlcaras,Tue Feb 08 21:23:51 +0000 2022,1491160875385999360
corona_tweet,TVKZ4,Tue Feb 08 21:23:47 +0000 2022,1491160858046697473
corona_tweet,DanAlcaras,Tue Feb 08 21:23:36 +0000 2022,1491160810416218122
Bot_Corona_V,TVKZ4,Tue Feb 08 21:22:48 +0000 2022,1491160609525800968
Bot_Corona_V,DanAlcaras,Tue Feb 08 21:22:48 +0000 2022,1491160609504866312
viralvideovlogs,contagemcorona1,Tue Feb 08 21:22:19 +0000 2022,1491160486993350661
MarcianoBrito13,contagemcorona1,Tue Feb 08 21:22:17 +0000 2022,1491160481289347073
Bot_Corona_V,DanAlcaras,Tue Feb 08 21:21:48 +0000 2022,1491160358005973005
osmarpaulinode1,spbancarios,Tue Feb 08 21:18:44 +0000 2022,1491159587466080256
M5PaBr,tvcultura,Tue Feb 08 21:17:11 +0000 2022,1491159194653032451
Bot_Corona_V,BrazilSFE,Tue Feb 08 21:15:47 +0000 2022,1491158846156455938
Bot_Corona_V,Wyeth,Tue Feb 08 21:15:47 +0000 2022,1491158846156455938
Bot_Corona_V,Zoetis,Tue Feb 08 21:15:47 +0000 2022,1491158846156455938
Bot_Corona_V,merial,Tue Feb 08 21:15:47 +0000 2022,1491158846156455938
BrazilSFE,Wyeth,Tue Feb 08 21:15:13 +0000 2022,1491158700740038657
BrazilSFE,Zoetis,Tue Feb 08 21:15:13 +0000 2022,1491158700740038657
juniorgomesneto,jornal_cultura,Tue Feb 08 21:00:32 +0000 2022,1491155005780463619
agenciabrasil,minsaude,Tue Feb 08 21:00:01 +0000 2022,1491154874330980360
RadioagenciaEBC,anvisa_oficial,Tue Feb 08 21:00:00 +0000 2022,1491154871357116417
fabioguimaraess,NoticiaeGuerra,Tue Feb 08 20:59:33 +0000 2022,1491154760489369604
Bot_Corona_V,BrazilSFE,Tue Feb 08 20:58:46 +0000 2022,1491154563616980999
Bot_Corona_V,merial,Tue Feb 08 20:58:46 +0000 2022,1491154563616980999
Bot_Corona_V,kineta,Tue Feb 08 20:58:46 +0000 2022,1491154563616980999
JampaRobo,Portal_T5,Tue Feb 08 20:58:39 +0000 2022,1491154533061378048
BrazilSFE,merial,Tue Feb 08 20:58:08 +0000 2022,1491154402220126208
BrazilSFE,kineta,Tue Feb 08 20:58:08 +0000 2022,1491154402220126208
aman_tita,tvcultura,Tue Feb 08 20:57:39 +0000 2022,1491154279247548417
Bot_Corona_V,TVKZ4,Tue Feb 08 20:54:46 +0000 2022,1491153555897655299
vaneasimivrsa,jornal_cultura,Tue Feb 08 20:53:46 +0000 2022,1491153305174949889
TieppoSandra,contagemcorona1,Tue Feb 08 20:51:04 +0000 2022,1491152625785470983
Bot_Corona_V,beatrizdiniz,Tue Feb 08 20:49:46 +0000 2022,1491152296465637387
caab25,dridelatorre,Tue Feb 08 20:46:26 +0000 2022,1491151457411764227
skate_forever,endersonmaia,Tue Feb 08 20:43:57 +0000 2022,1491150835145129984
skate_forever,brasil_io,Tue Feb 08 20:43:57 +0000 2022,1491150835145129984
endersonmaia,brasil_io,Tue Feb 08 20:40:02 +0000 2022,1491149849253015552
neco_anastacio,contagemcorona1,Tue Feb 08 20:37:25 +0000 2022,1491149187479924736
Direita_Ja_2018,SigaGazetaBR,Tue Feb 08 20:36:42 +0000 2022,1491149010580946944
Bot_Corona_V,AmeliaBolsonaro,Tue Feb 08 20:34:45 +0000 2022,1491148518240759811
Bot_Corona_V,OmarAzizSenador,Tue Feb 08 20:34:45 +0000 2022,1491148518240759811
Bot_Corona_V,OmarAzizSenador,Tue Feb 08 20:34:45 +0000 2022,1491148518240759811
AmeliaBolsonaro,OmarAzizSenador,Tue Feb 08 20:33:58 +0000 2022,1491148319061843968
AmeliaBolsonaro,OmarAzizSenador,Tue Feb 08 20:33:58 +0000 2022,1491148319061843968
AMouraFe70,Arthurvneto,Tue Feb 08 20:31:46 +0000 2022,1491147765053026306
AMouraFe70,jdoriajr,Tue Feb 08 20:31:46 +0000 2022,1491147765053026306
luindarkness,contagemcorona1,Tue Feb 08 20:30:43 +0000 2022,1491147500878970881
JMartinsFilho2,agenciabrasil,Tue Feb 08 20:29:30 +0000 2022,1491147194514407424
s_riicardo,NoticiaeGuerra,Tue Feb 08 20:28:30 +0000 2022,1491146946018299904
viralvideovlogs,mpce_oficial,Tue Feb 08 20:28:15 +0000 2022,1491146883879866371
viralvideovlogs,diarioudi,Tue Feb 08 20:26:15 +0000 2022,1491146380181749768
silvrib,NoticiaeGuerra,Tue Feb 08 20:18:16 +0000 2022,1491144370854465536
raquelalmeida,contagemcorona1,Tue Feb 08 20:16:01 +0000 2022,1491143804023615490
WilsonGB2014,unicef_bissau,Tue Feb 08 20:15:47 +0000 2022,1491143745362083841
Bot_Corona_V,macaeprefeitura,Tue Feb 08 20:10:44 +0000 2022,1491142472461787137
mssilva77,contagemcorona1,Tue Feb 08 20:08:40 +0000 2022,1491141955216363520
ScienceBot8,AgenciaFAPESP,Tue Feb 08 20:07:06 +0000 2022,1491141559131287554
ScienceBot8,Unesp_Oficial,Tue Feb 08 20:07:06 +0000 2022,1491141559131287554
AgenciaFAPESP,Unesp_Oficial,Tue Feb 08 20:07:00 +0000 2022,1491141533189304320
AmeliaBolsonaro,OmarAzizSenador,Tue Feb 08 20:01:17 +0000 2022,1491140095831080960
AmeliaBolsonaro,SenadoFederal,Tue Feb 08 20:01:17 +0000 2022,1491140095831080960
AmeliaBolsonaro,pfizer,Tue Feb 08 20:01:17 +0000 2022,1491140095831080960
AmeliaBolsonaro,govbr,Tue Feb 08 20:01:17 +0000 2022,1491140095831080960
Bot_Corona_V,covid19br_,Tue Feb 08 20:00:43 +0000 2022,1491139953572519939
Bot_Corona_V,covid19br_,Tue Feb 08 20:00:43 +0000 2022,1491139953488769029
RadioagenciaEBC,minsaude,Tue Feb 08 20:00:01 +0000 2022,1491139775616602118
Bot_Corona_V,BrazilSFE,Tue Feb 08 19:58:44 +0000 2022,1491139452668100608
Bot_Corona_V,merial,Tue Feb 08 19:58:44 +0000 2022,1491139452668100608
Bot_Corona_V,kineta,Tue Feb 08 19:58:44 +0000 2022,1491139452668100608
BrazilSFE,merial,Tue Feb 08 19:58:07 +0000 2022,1491139296887459841
BrazilSFE,kineta,Tue Feb 08 19:58:07 +0000 2022,1491139296887459841
PCdoBnaCamara,PCdoB_Oficial,Tue Feb 08 19:57:43 +0000 2022,1491139197507608577
Stock__Analyst,TraderRook,Tue Feb 08 19:56:22 +0000 2022,1491138858586882048
TaxesOnFire,TraderRook,Tue Feb 08 19:55:38 +0000 2022,1491138672363974657
BrizJorge,TraderRook,Tue Feb 08 19:55:05 +0000 2022,1491138534639476736
comunicacac,ufpeoficial,Tue Feb 08 19:46:05 +0000 2022,1491136270172516353
pedro_orlandini,contagemcorona1,Tue Feb 08 19:45:17 +0000 2022,1491136069236314112
gayLulista13,contagemcorona1,Tue Feb 08 19:42:39 +0000 2022,1491135408377597952
fabianoinac,contagemcorona1,Tue Feb 08 19:42:22 +0000 2022,1491135333013995521
PauloAntnioDa11,spbancarios,Tue Feb 08 19:39:43 +0000 2022,1491134667831255041
TrasElValle_OBC,jjaranaz94,Tue Feb 08 19:32:41 +0000 2022,1491132897461665793
TrasElValle_OBC,TrasElValle_OBC,Tue Feb 08 19:32:38 +0000 2022,1491132884358340608
ZeLuchetti,SocCardioESP,Tue Feb 08 19:31:47 +0000 2022,1491132670373666816
fabioebl,MSF_brasil,Tue Feb 08 19:31:27 +0000 2022,1491132588903350279
Antonio08305021,contagemcorona1,Tue Feb 08 19:30:47 +0000 2022,1491132421550796802
BGenebra,MSF_brasil,Tue Feb 08 19:29:18 +0000 2022,1491132044734509057
RodP13,denio_vale,Tue Feb 08 19:26:58 +0000 2022,1491131459863998466
RodP13,contagemcorona1,Tue Feb 08 19:26:58 +0000 2022,1491131459863998466
RodP13,MiguelNicolelis,Tue Feb 08 19:26:58 +0000 2022,1491131459863998466
RodP13,adaopaiani,Tue Feb 08 19:26:58 +0000 2022,1491131459863998466
RodP13,nicolaskasprzak,Tue Feb 08 19:26:58 +0000 2022,1491131459863998466
RosaizumiRosa,Manowell1979,Tue Feb 08 19:26:18 +0000 2022,1491131290997108736
RosaizumiRosa,Sandra08904140,Tue Feb 08 19:26:18 +0000 2022,1491131290997108736
RosaizumiRosa,GFiuza_Oficial,Tue Feb 08 19:26:18 +0000 2022,1491131290997108736
HugaoDF_TO,MSF_brasil,Tue Feb 08 19:24:55 +0000 2022,1491130943557758976
danielguimaf,danielguimaf,Tue Feb 08 19:24:30 +0000 2022,1491130839044083712
denio_vale,denio_vale,Tue Feb 08 19:19:18 +0000 2022,1491129530601603072
denio_vale,carlosmadeiro,Tue Feb 08 19:19:18 +0000 2022,1491129530601603072
denio_vale,MiguelNicolelis,Tue Feb 08 19:19:18 +0000 2022,1491129530601603072
denio_vale,oatila,Tue Feb 08 19:19:18 +0000 2022,1491129530601603072
denio_vale,TaschnerNatalia,Tue Feb 08 19:19:18 +0000 2022,1491129530601603072
denio_vale,OnockoRosana,Tue Feb 08 19:19:18 +0000 2022,1491129530601603072
denio_vale,ligiakerr,Tue Feb 08 19:19:18 +0000 2022,1491129530601603072
denio_vale,UOLNoticias,Tue Feb 08 19:19:18 +0000 2022,1491129530601603072
denio_vale,UOL,Tue Feb 08 19:19:18 +0000 2022,1491129530601603072
denio_vale,carlosmadeiro,Tue Feb 08 19:19:10 +0000 2022,1491129496769990656
denio_vale,MiguelNicolelis,Tue Feb 08 19:19:10 +0000 2022,1491129496769990656
denio_vale,oatila,Tue Feb 08 19:19:10 +0000 2022,1491129496769990656
denio_vale,TaschnerNatalia,Tue Feb 08 19:19:10 +0000 2022,1491129496769990656
denio_vale,OnockoRosana,Tue Feb 08 19:19:10 +0000 2022,1491129496769990656
denio_vale,ligiakerr,Tue Feb 08 19:19:10 +0000 2022,1491129496769990656
denio_vale,UOLNoticias,Tue Feb 08 19:19:10 +0000 2022,1491129496769990656
denio_vale,UOL,Tue Feb 08 19:19:10 +0000 2022,1491129496769990656
FNUCUT,ONUBrasil,Tue Feb 08 19:19:08 +0000 2022,1491129489799409664
TrasElValle_OBC,jjaranaz94,Tue Feb 08 19:18:40 +0000 2022,1491129372522479617
Carla40882077,contagemcorona1,Tue Feb 08 19:18:36 +0000 2022,1491129352800841728
nicolaskasprzak,denio_vale,Tue Feb 08 19:17:31 +0000 2022,1491129083048378368
nicolaskasprzak,contagemcorona1,Tue Feb 08 19:17:31 +0000 2022,1491129083048378368
nicolaskasprzak,MiguelNicolelis,Tue Feb 08 19:17:31 +0000 2022,1491129083048378368
nicolaskasprzak,adaopaiani,Tue Feb 08 19:17:31 +0000 2022,1491129083048378368
nicolaskasprzak,nicolaskasprzak,Tue Feb 08 19:17:31 +0000 2022,1491129083048378368
RosaizumiRosa,Sandra08904140,Tue Feb 08 19:16:33 +0000 2022,1491128837287329792
RosaizumiRosa,GFiuza_Oficial,Tue Feb 08 19:16:33 +0000 2022,1491128837287329792
Bot_Corona_V,FaroldaB,Tue Feb 08 19:15:41 +0000 2022,1491128618646388740
Bot_Corona_V,BrazilSFE,Tue Feb 08 19:15:41 +0000 2022,1491128618575138823
Bot_Corona_V,Wyeth,Tue Feb 08 19:15:41 +0000 2022,1491128618575138823
Bot_Corona_V,Zoetis,Tue Feb 08 19:15:41 +0000 2022,1491128618575138823
Bot_Corona_V,merial,Tue Feb 08 19:15:41 +0000 2022,1491128618575138823
BrazilSFE,Wyeth,Tue Feb 08 19:15:12 +0000 2022,1491128496487374851
BrazilSFE,Zoetis,Tue Feb 08 19:15:12 +0000 2022,1491128496487374851
denio_vale,denio_vale,Tue Feb 08 19:13:09 +0000 2022,1491127980827246593
denio_vale,contagemcorona1,Tue Feb 08 19:13:09 +0000 2022,1491127980827246593
denio_vale,MiguelNicolelis,Tue Feb 08 19:13:09 +0000 2022,1491127980827246593
denio_vale,adaopaiani,Tue Feb 08 19:13:09 +0000 2022,1491127980827246593
denio_vale,nicolaskasprzak,Tue Feb 08 19:13:09 +0000 2022,1491127980827246593
denio_vale,contagemcorona1,Tue Feb 08 19:13:03 +0000 2022,1491127955434934274
denio_vale,MiguelNicolelis,Tue Feb 08 19:13:03 +0000 2022,1491127955434934274
denio_vale,adaopaiani,Tue Feb 08 19:13:03 +0000 2022,1491127955434934274
denio_vale,nicolaskasprzak,Tue Feb 08 19:13:03 +0000 2022,1491127955434934274
RC_RAMIRES,rosedbarros,Tue Feb 08 19:08:57 +0000 2022,1491126924315402248
viralvideovlogs,unicef_bissau,Tue Feb 08 19:08:11 +0000 2022,1491126731276791811
DelfimMendes95,unicef_bissau,Tue Feb 08 19:08:10 +0000 2022,1491126727665668096
TaniaMariaFelix,spbancarios,Tue Feb 08 19:07:05 +0000 2022,1491126453928603648
MarceloJGonca,DiarioDoRio,Tue Feb 08 19:07:04 +0000 2022,1491126450782875648
givaldo_lucas,spbancarios,Tue Feb 08 19:02:43 +0000 2022,1491125356988092416
mcti,CGEE_oficial,Tue Feb 08 19:02:06 +0000 2022,1491125200494411776
mcti,mcti,Tue Feb 08 19:02:06 +0000 2022,1491125200494411776
ClauTassi,OPASOMSBrasil,Tue Feb 08 19:01:52 +0000 2022,1491125141698658307
Bot_Corona_V,PesquisaFapesp,Tue Feb 08 19:00:40 +0000 2022,1491124839742119938
CGEE_oficial,mcti,Tue Feb 08 18:59:41 +0000 2022,1491124592236437504
Bot_Corona_V,BrazilSFE,Tue Feb 08 18:58:39 +0000 2022,1491124335192514566
Bot_Corona_V,merial,Tue Feb 08 18:58:39 +0000 2022,1491124335192514566
Bot_Corona_V,kineta,Tue Feb 08 18:58:39 +0000 2022,1491124335192514566
EneideMattos,rosedbarros,Tue Feb 08 18:58:21 +0000 2022,1491124258751549443
BrazilSFE,merial,Tue Feb 08 18:58:08 +0000 2022,1491124205009649666
BrazilSFE,kineta,Tue Feb 08 18:58:08 +0000 2022,1491124205009649666
LuizS45190481,direitaunidabr1,Tue Feb 08 18:56:42 +0000 2022,1491123841699303425
VemLutarBrasil,agoranoticiasbr,Tue Feb 08 18:55:32 +0000 2022,1491123549796397060
clagraca,contagemcorona1,Tue Feb 08 18:54:38 +0000 2022,1491123324537036805
viralvideovlogs,DiarioDoRio,Tue Feb 08 18:50:49 +0000 2022,1491122363898998787
SantAnnasrSonia,DiarioDoRio,Tue Feb 08 18:50:46 +0000 2022,1491122350586474497
Mulher_Noticia,contagemcorona1,Tue Feb 08 18:46:29 +0000 2022,1491121271396270080
Andersonp1980,contagemcorona1,Tue Feb 08 18:44:58 +0000 2022,1491120887915245568
Marilda75409433,DiarioDoRio,Tue Feb 08 18:44:01 +0000 2022,1491120652023377920
AndreaS98127428,contagemcorona1,Tue Feb 08 18:43:41 +0000 2022,1491120568594472961
Ivojunior76,revistaoeste,Tue Feb 08 18:43:24 +0000 2022,1491120495743627264
Bot_Corona_V,FaroldaB,Tue Feb 08 18:42:39 +0000 2022,1491120305145880577
raquelalmeida,contagemcorona1,Tue Feb 08 18:42:38 +0000 2022,1491120301572333572
Notoroberto,jornal_cultura,Tue Feb 08 18:42:31 +0000 2022,1491120273315500033
Fefa_Gouveia,contagemcorona1,Tue Feb 08 18:42:21 +0000 2022,1491120229401116676
Rosental,JCourses,Tue Feb 08 18:42:00 +0000 2022,1491120141886947328
Bot_Corona_V,DiarioDoRio,Tue Feb 08 18:41:39 +0000 2022,1491120053248577536
eziodantas,contagemcorona1,Tue Feb 08 18:39:03 +0000 2022,1491119400610832385
carvalho_ana_,OPASOMSBrasil,Tue Feb 08 18:38:42 +0000 2022,1491119311607537664
jhonleejeronim1,showdavida,Tue Feb 08 18:38:16 +0000 2022,1491119203625373700
messiaswm,contagemcorona1,Tue Feb 08 18:37:06 +0000 2022,1491118911437549568
redenanosaude,covid19_cnpq,Tue Feb 08 18:36:23 +0000 2022,1491118731325747200
Marilda75409433,contagemcorona1,Tue Feb 08 18:36:13 +0000 2022,1491118686970781706
Bot_Corona_V,unicef_bissau,Tue Feb 08 18:35:38 +0000 2022,1491118541680128008
nicolaskasprzak,denio_vale,Tue Feb 08 18:35:38 +0000 2022,1491118539478306816
nicolaskasprzak,contagemcorona1,Tue Feb 08 18:35:38 +0000 2022,1491118539478306816
nicolaskasprzak,MiguelNicolelis,Tue Feb 08 18:35:38 +0000 2022,1491118539478306816
nicolaskasprzak,adaopaiani,Tue Feb 08 18:35:38 +0000 2022,1491118539478306816
nicolaskasprzak,nicolaskasprzak,Tue Feb 08 18:35:38 +0000 2022,1491118539478306816
nicolaskasprzak,fiocruz,Tue Feb 08 18:35:38 +0000 2022,1491118539478306816
viralvideovlogs,tvbrasilgov,Tue Feb 08 18:32:48 +0000 2022,1491117829772525573
viralvideovlogs,minsaude,Tue Feb 08 18:32:48 +0000 2022,1491117829772525573
Marcos89320515,tvbrasilgov,Tue Feb 08 18:32:47 +0000 2022,1491117823854518272
Marcos89320515,minsaude,Tue Feb 08 18:32:47 +0000 2022,1491117823854518272
edinaldo_olive,BillGates,Tue Feb 08 18:32:12 +0000 2022,1491117675870928896
Renatinhagnunes,SigaGazetaBR,Tue Feb 08 18:32:10 +0000 2022,1491117670183288832
Mulher_Noticia,contagemcorona1,Tue Feb 08 18:24:16 +0000 2022,1491115679298502656
LadyCasannova,contagemcorona1,Tue Feb 08 18:23:53 +0000 2022,1491115585479929856
corona_tweet,JornalSomos,Tue Feb 08 18:23:50 +0000 2022,1491115571336953862
Mulher_Noticia,contagemcorona1,Tue Feb 08 18:23:12 +0000 2022,1491115413123391489
RejillaT,amazon,Tue Feb 08 18:22:29 +0000 2022,1491115232294744064
Bot_Corona_V,JornalSomos,Tue Feb 08 18:21:37 +0000 2022,1491115015457415173
ItamarciaA,tvbrasilgov,Tue Feb 08 18:20:09 +0000 2022,1491114645545172998
ItamarciaA,minsaude,Tue Feb 08 18:20:09 +0000 2022,1491114645545172998
Mulher_Noticia,contagemcorona1,Tue Feb 08 18:18:50 +0000 2022,1491114312278343683
Bot_Corona_V,secsaudedf,Tue Feb 08 18:18:37 +0000 2022,1491114260210069506
DeLitaiff,SigaGazetaBR,Tue Feb 08 18:15:50 +0000 2022,1491113558742282241
AlepeOficial,simonesantanape,Tue Feb 08 18:15:46 +0000 2022,1491113541205729287
Bot_Corona_V,opentefino,Tue Feb 08 18:13:37 +0000 2022,1491113000404541442
leandro2404,tvbrasilgov,Tue Feb 08 18:13:28 +0000 2022,1491112963226599424
leandro2404,minsaude,Tue Feb 08 18:13:28 +0000 2022,1491112963226599424
rwturcato,SigaGazetaBR,Tue Feb 08 18:12:11 +0000 2022,1491112639459885056
Bot_Corona_V,riomaframix,Tue Feb 08 18:08:37 +0000 2022,1491111740838404100
Rodrigues_mazim,tvbrasilgov,Tue Feb 08 18:05:22 +0000 2022,1491110926321610753
Rodrigues_mazim,minsaude,Tue Feb 08 18:05:22 +0000 2022,1491110926321610753
NaraSafreitas,OPASOMSBrasil,Tue Feb 08 18:04:22 +0000 2022,1491110671601537024
cinbarsp,contagemcorona1,Tue Feb 08 18:03:54 +0000 2022,1491110553557028868
EstanilauBretas,tvbrasilgov,Tue Feb 08 18:01:04 +0000 2022,1491109843448393728
EstanilauBretas,minsaude,Tue Feb 08 18:01:04 +0000 2022,1491109843448393728
Bot_Corona_V,botdocovid,Tue Feb 08 18:00:36 +0000 2022,1491109725714452482
lavinyatagarro_,OPASOMSBrasil,Tue Feb 08 18:00:32 +0000 2022,1491109706961948673
tvbrasilgov,minsaude,Tue Feb 08 18:00:01 +0000 2022,1491109578552922112
JorgeLRuiDias,jornal_cultura,Tue Feb 08 17:59:53 +0000 2022,1491109544613003264
LadyCasannova,spbancarios,Tue Feb 08 17:58:42 +0000 2022,1491109245068070912
Bot_Corona_V,BrazilSFE,Tue Feb 08 17:58:36 +0000 2022,1491109221861105670
Bot_Corona_V,merial,Tue Feb 08 17:58:36 +0000 2022,1491109221861105670
Bot_Corona_V,kineta,Tue Feb 08 17:58:36 +0000 2022,1491109221861105670
denio_vale,denio_vale,Tue Feb 08 17:58:13 +0000 2022,1491109125912424448
denio_vale,contagemcorona1,Tue Feb 08 17:58:13 +0000 2022,1491109125912424448
denio_vale,MiguelNicolelis,Tue Feb 08 17:58:13 +0000 2022,1491109125912424448
denio_vale,adaopaiani,Tue Feb 08 17:58:13 +0000 2022,1491109125912424448
denio_vale,nicolaskasprzak,Tue Feb 08 17:58:13 +0000 2022,1491109125912424448
denio_vale,fiocruz,Tue Feb 08 17:58:13 +0000 2022,1491109125912424448
BrazilSFE,merial,Tue Feb 08 17:58:07 +0000 2022,1491109099408441347
BrazilSFE,kineta,Tue Feb 08 17:58:07 +0000 2022,1491109099408441347
denio_vale,contagemcorona1,Tue Feb 08 17:58:06 +0000 2022,1491109097084944386
denio_vale,MiguelNicolelis,Tue Feb 08 17:58:06 +0000 2022,1491109097084944386
denio_vale,adaopaiani,Tue Feb 08 17:58:06 +0000 2022,1491109097084944386
denio_vale,nicolaskasprzak,Tue Feb 08 17:58:06 +0000 2022,1491109097084944386
Redinei,minsaude,Tue Feb 08 17:55:11 +0000 2022,1491108363228221440
denio_vale,denio_vale,Tue Feb 08 17:53:51 +0000 2022,1491108025784217608
denio_vale,contagemcorona1,Tue Feb 08 17:53:51 +0000 2022,1491108025784217608
denio_vale,MiguelNicolelis,Tue Feb 08 17:53:51 +0000 2022,1491108025784217608
denio_vale,adaopaiani,Tue Feb 08 17:53:51 +0000 2022,1491108025784217608
denio_vale,nicolaskasprzak,Tue Feb 08 17:53:51 +0000 2022,1491108025784217608
denio_vale,contagemcorona1,Tue Feb 08 17:53:43 +0000 2022,1491107991952969729
denio_vale,MiguelNicolelis,Tue Feb 08 17:53:43 +0000 2022,1491107991952969729
denio_vale,adaopaiani,Tue Feb 08 17:53:43 +0000 2022,1491107991952969729
denio_vale,nicolaskasprzak,Tue Feb 08 17:53:43 +0000 2022,1491107991952969729
fiocruzbrasilia,fiocruz,Tue Feb 08 17:52:50 +0000 2022,1491107771533905920
prof_Drica,contagemcorona1,Tue Feb 08 17:52:34 +0000 2022,1491107704617967618
prof_Drica,covid19_cnpq,Tue Feb 08 17:51:47 +0000 2022,1491107507598950400
Carla33825425,contagemcorona1,Tue Feb 08 17:47:58 +0000 2022,1491106546767765505
EDDI6PEDRO,NoticiaeGuerra,Tue Feb 08 17:46:32 +0000 2022,1491106185126490113
cientyfico,SSalud_mx,Tue Feb 08 17:42:38 +0000 2022,1491105203277660160
ElisetePena,jornal_cultura,Tue Feb 08 17:42:17 +0000 2022,1491105113255325697
Jeffwin72095858,spbancarios,Tue Feb 08 17:42:15 +0000 2022,1491105108243120128
ElmaAlmeida,contagemcorona1,Tue Feb 08 17:38:06 +0000 2022,1491104061365846016
canalsmais,EMA_News,Tue Feb 08 17:36:32 +0000 2022,1491103667864633345
camposamd,tvcultura,Tue Feb 08 17:27:40 +0000 2022,1491101436675239937
silrosa,contagemcorona1,Tue Feb 08 17:20:30 +0000 2022,1491099634542219264
Bot_Corona_V,RICMais_,Tue Feb 08 17:17:34 +0000 2022,1491098894335361029
viralvideovlogs,covid19_cnpq,Tue Feb 08 17:17:04 +0000 2022,1491098769248735241
Bot_Corona_V,BrazilSFE,Tue Feb 08 17:15:34 +0000 2022,1491098390750507012
Bot_Corona_V,Wyeth,Tue Feb 08 17:15:34 +0000 2022,1491098390750507012
Bot_Corona_V,Zoetis,Tue Feb 08 17:15:34 +0000 2022,1491098390750507012
Bot_Corona_V,merial,Tue Feb 08 17:15:34 +0000 2022,1491098390750507012
BrazilSFE,Wyeth,Tue Feb 08 17:15:12 +0000 2022,1491098301126651908
BrazilSFE,Zoetis,Tue Feb 08 17:15:12 +0000 2022,1491098301126651908
JessicaFradique,contagemcorona1,Tue Feb 08 17:14:09 +0000 2022,1491098037162496000
wtoume,contagemcorona1,Tue Feb 08 17:14:05 +0000 2022,1491098019919724545
ruby_roubaix,DoCiclismo,Tue Feb 08 17:01:22 +0000 2022,1491094816213856256
ruby_roubaix,TamauPogi,Tue Feb 08 17:01:22 +0000 2022,1491094816213856256
Bot_Corona_V,Covid19DailyDta,Tue Feb 08 17:00:33 +0000 2022,1491094612001402882
Bot_Corona_V,Covid19DailyDta,Tue Feb 08 17:00:33 +0000 2022,1491094611967754243
RadioNacionalBR,anvisa_oficial,Tue Feb 08 17:00:02 +0000 2022,1491094483571810304
Bot_Corona_V,BrazilSFE,Tue Feb 08 16:58:33 +0000 2022,1491094108231938050
Bot_Corona_V,merial,Tue Feb 08 16:58:33 +0000 2022,1491094108231938050
Bot_Corona_V,kineta,Tue Feb 08 16:58:33 +0000 2022,1491094108231938050
BrazilSFE,merial,Tue Feb 08 16:58:10 +0000 2022,1491094012794707972
BrazilSFE,kineta,Tue Feb 08 16:58:10 +0000 2022,1491094012794707972
PedroPozenato,aladilce,Tue Feb 08 16:53:29 +0000 2022,1491092834505887747
NiBarga,MultiMidiaInfo,Tue Feb 08 16:51:14 +0000 2022,1491092266173497344
RAQUELD20669859,macaeprefeitura,Tue Feb 08 16:50:58 +0000 2022,1491092202810114050
linfocitoBTNK,marylira_98,Tue Feb 08 16:50:01 +0000 2022,1491091960794206214
Bot_Corona_V,lip_ufrj,Tue Feb 08 16:48:32 +0000 2022,1491091589317509123
SandraM95965906,SNS_Portugal,Tue Feb 08 16:48:14 +0000 2022,1491091511051960322
Bot_Corona_V,franciscopfn26,Tue Feb 08 16:46:32 +0000 2022,1491091085464064007
dudacombr_,observatorioobr,Tue Feb 08 16:43:30 +0000 2022,1491090321048223745
DeniseSQ,contagemcorona1,Tue Feb 08 16:41:06 +0000 2022,1491089716233777153
alerj,serafinipsol,Tue Feb 08 16:39:54 +0000 2022,1491089416747913216
Bot_Corona_V,HiperEpi,Tue Feb 08 16:39:32 +0000 2022,1491089322094772232
MarcianoBrito13,contagemcorona1,Tue Feb 08 16:34:17 +0000 2022,1491088003728830467
zebedeudascoves,AfpChecamos,Tue Feb 08 16:20:36 +0000 2022,1491084559051784192
zebedeudascoves,CDCgov,Tue Feb 08 16:20:36 +0000 2022,1491084559051784192
zebedeudascoves,AfpChecamos,Tue Feb 08 16:20:32 +0000 2022,1491084542077435910
zebedeudascoves,CDCgov,Tue Feb 08 16:20:32 +0000 2022,1491084542077435910
Bot_Corona_V,LinhasdeElvas,Tue Feb 08 16:16:30 +0000 2022,1491083528536305669
adreson,cathygsouza,Tue Feb 08 16:15:03 +0000 2022,1491083160972447746
adreson,ian_angeli,Tue Feb 08 16:15:03 +0000 2022,1491083160972447746
JoseDam80359334,NoticiaeGuerra,Tue Feb 08 16:07:24 +0000 2022,1491081236806516743
MarcianoBrito13,contagemcorona1,Tue Feb 08 16:04:10 +0000 2022,1491080422398500865
MarcianoBrito13,contagemcorona1,Tue Feb 08 16:02:45 +0000 2022,1491080065358372866
Bot_Corona_V,covid19br_,Tue Feb 08 16:00:30 +0000 2022,1491079498468499458
Bot_Corona_V,covid19br_,Tue Feb 08 16:00:30 +0000 2022,1491079498455990286
Bot_Corona_V,leo_mros,Tue Feb 08 16:00:29 +0000 2022,1491079498393075712
Bot_Corona_V,benoitpaire,Tue Feb 08 16:00:29 +0000 2022,1491079498393075712
Bot_Corona_V,botdocovid,Tue Feb 08 16:00:29 +0000 2022,1491079498388942855
leo_mros,benoitpaire,Tue Feb 08 15:59:56 +0000 2022,1491079359528148998
Andersonp1980,contagemcorona1,Tue Feb 08 15:59:45 +0000 2022,1491079310932860936
Bot_Corona_V,BrazilSFE,Tue Feb 08 15:58:30 +0000 2022,1491078995919712261
Bot_Corona_V,merial,Tue Feb 08 15:58:30 +0000 2022,1491078995919712261
Bot_Corona_V,kineta,Tue Feb 08 15:58:30 +0000 2022,1491078995919712261
BrazilSFE,merial,Tue Feb 08 15:58:08 +0000 2022,1491078903208857603
BrazilSFE,kineta,Tue Feb 08 15:58:08 +0000 2022,1491078903208857603
viralvideovlogs,contagemcorona1,Tue Feb 08 15:57:59 +0000 2022,1491078868836495361
nicolaskasprzak,contagemcorona1,Tue Feb 08 15:57:58 +0000 2022,1491078863631302660
clickciencia,PesquisaFapesp,Tue Feb 08 15:57:12 +0000 2022,1491078670265503746
tamiekaran,PesquisaFapesp,Tue Feb 08 15:54:47 +0000 2022,1491078061668052992
prifructis,contagemcorona1,Tue Feb 08 15:48:04 +0000 2022,1491076371959136256
laflalima,flaviofachel,Tue Feb 08 15:46:32 +0000 2022,1491075984455790595
Bot_Corona_V,DanAlcaras,Tue Feb 08 15:45:29 +0000 2022,1491075719568379907
Bot_Corona_V,DanAlcaras,Tue Feb 08 15:45:29 +0000 2022,1491075719459389447
Bot_Corona_V,DanAlcaras,Tue Feb 08 15:45:29 +0000 2022,1491075719434285062
LuizdePaula100,contagemcorona1,Tue Feb 08 15:43:25 +0000 2022,1491075201337294854
AugustoNery7,contagemcorona1,Tue Feb 08 15:41:51 +0000 2022,1491074805059428353
Rejamaria,contagemcorona1,Tue Feb 08 15:39:39 +0000 2022,1491074253986631683
Bot_Corona_V,ElvasnewsInfo,Tue Feb 08 15:39:28 +0000 2022,1491074208226590721
AlexandreMHP,SNS_Portugal,Tue Feb 08 15:37:41 +0000 2022,1491073759197163522
dani_k,contagemcorona1,Tue Feb 08 15:37:20 +0000 2022,1491073669497757696
LuizdePaula100,contagemcorona1,Tue Feb 08 15:37:00 +0000 2022,1491073586706419718
LuizdePaula100,contagemcorona1,Tue Feb 08 15:36:46 +0000 2022,1491073529114095617
Budds_Edu,dr_nesio,Tue Feb 08 15:34:20 +0000 2022,1491072917027061765
LoucurasDeGenin,SaudeGovRS,Tue Feb 08 15:33:50 +0000 2022,1491072789344059398
Daisy36151076,Arthurvneto,Tue Feb 08 15:31:08 +0000 2022,1491072112097910788
Daisy36151076,jdoriajr,Tue Feb 08 15:31:08 +0000 2022,1491072112097910788
Bot_Corona_V,LinhasdeElvas,Tue Feb 08 15:28:28 +0000 2022,1491071437343531008
Bot_Corona_V,SaudeGovRS,Tue Feb 08 15:27:28 +0000 2022,1491071185605611524
portalgp1,saudegovpi,Tue Feb 08 15:24:51 +0000 2022,1491070527666110471
sitesortimentos,sortimentos,Tue Feb 08 15:24:29 +0000 2022,1491070434686926851
GebbegPeople,sortimentos,Tue Feb 08 15:23:40 +0000 2022,1491070230524747777
JampaRobo,portalVALENTlNA,Tue Feb 08 15:23:33 +0000 2022,1491070200661303298
Budds_Edu,FGV_EAESP,Tue Feb 08 15:22:37 +0000 2022,1491069965356920832
denio_vale,contagemcorona1,Tue Feb 08 15:21:13 +0000 2022,1491069615925260288
AlexandreMHP,SNS_Portugal,Tue Feb 08 15:15:29 +0000 2022,1491068171922681858
Bot_Corona_V,BrazilSFE,Tue Feb 08 15:15:27 +0000 2022,1491068162925867012
Bot_Corona_V,Wyeth,Tue Feb 08 15:15:27 +0000 2022,1491068162925867012
Bot_Corona_V,Zoetis,Tue Feb 08 15:15:27 +0000 2022,1491068162925867012
Bot_Corona_V,merial,Tue Feb 08 15:15:27 +0000 2022,1491068162925867012
BrazilSFE,Wyeth,Tue Feb 08 15:15:14 +0000 2022,1491068109767254021
BrazilSFE,Zoetis,Tue Feb 08 15:15:14 +0000 2022,1491068109767254021
canalsmais,uniao_europeia,Tue Feb 08 15:15:13 +0000 2022,1491068106441203712
Bot_Corona_V,sulinformacao,Tue Feb 08 15:14:27 +0000 2022,1491067911020101636
AFPBrasil,AfpChecamos,Tue Feb 08 15:14:26 +0000 2022,1491067908705120258
AFPBrasil,CDCgov,Tue Feb 08 15:14:26 +0000 2022,1491067908705120258
Ativistafemale,_Cesar_Munoz,Tue Feb 08 15:09:34 +0000 2022,1491066680830619652
Ativistafemale,jairbolsonaro,Tue Feb 08 15:09:34 +0000 2022,1491066680830619652
dimilho_slz,DoCiclismo,Tue Feb 08 15:06:08 +0000 2022,1491065816619823104
dimilho_slz,TamauPogi,Tue Feb 08 15:06:08 +0000 2022,1491065816619823104
innnmvs,SSalud_mx,Tue Feb 08 15:05:51 +0000 2022,1491065749276078083
JampaRobo,Portal_T5,Tue Feb 08 15:03:32 +0000 2022,1491065165911150592
neco_anastacio,contagemcorona1,Tue Feb 08 15:01:11 +0000 2022,1491064574627708930
FernandaAbreud3,contagemcorona1,Tue Feb 08 14:59:13 +0000 2022,1491064077795446792
Bot_Corona_V,sulinformacao,Tue Feb 08 14:58:26 +0000 2022,1491063880721838083
Bot_Corona_V,BrazilSFE,Tue Feb 08 14:58:26 +0000 2022,1491063880658915333
Bot_Corona_V,merial,Tue Feb 08 14:58:26 +0000 2022,1491063880658915333
Bot_Corona_V,kineta,Tue Feb 08 14:58:26 +0000 2022,1491063880658915333
BrazilSFE,merial,Tue Feb 08 14:58:07 +0000 2022,1491063802745528321
BrazilSFE,kineta,Tue Feb 08 14:58:07 +0000 2022,1491063802745528321
lavinyatagarro_,contagemcorona1,Tue Feb 08 14:52:16 +0000 2022,1491062330331119618
Bot_Corona_V,riomaframix,Tue Feb 08 14:47:25 +0000 2022,1491061109427736576
InnovaEnSalud,SSalud_mx,Tue Feb 08 14:46:08 +0000 2022,1491060786101293056
Bot_Corona_V,PortalMultiplix,Tue Feb 08 14:41:25 +0000 2022,1491059598089936900
Bot_Corona_V,jornalagora_uol,Tue Feb 08 14:40:25 +0000 2022,1491059346209484808
Sou_o_Micael,DoCiclismo,Tue Feb 08 14:40:24 +0000 2022,1491059340845129733
Sou_o_Micael,TamauPogi,Tue Feb 08 14:40:24 +0000 2022,1491059340845129733
Bot_Corona_V,canalsmais,Tue Feb 08 14:39:25 +0000 2022,1491059094165336070
Nicolas50495323,NoticiaeGuerra,Tue Feb 08 14:38:10 +0000 2022,1491058780456759297
DoCiclismo,TamauPogi,Tue Feb 08 14:36:45 +0000 2022,1491058422585827328
thuliocsilva,guarulhosonline,Tue Feb 08 14:36:40 +0000 2022,1491058405057851395
Bot_Corona_V,jornalagora_uol,Tue Feb 08 14:36:25 +0000 2022,1491058338402123780
RiLadyBee,marylira_98,Tue Feb 08 14:36:03 +0000 2022,1491058247587221511
jjaimej,prefechapeco,Tue Feb 08 14:35:44 +0000 2022,1491058168700411927
victortamoios,NoticiaeGuerra,Tue Feb 08 14:35:02 +0000 2022,1491057992204431361
mylou,PNUDBrasil,Tue Feb 08 14:31:45 +0000 2022,1491057165901000706
Bot_Corona_V,prefechapeco,Tue Feb 08 14:30:24 +0000 2022,1491056827462823936
agenciabrasil,anvisa_oficial,Tue Feb 08 14:30:00 +0000 2022,1491056725574795267
canalsmais,pfizer,Tue Feb 08 14:28:00 +0000 2022,1491056221427695621
RICARDOSALES2,tvbrasilgov,Tue Feb 08 14:27:22 +0000 2022,1491056063122386944
RICARDOSALES2,minsaude,Tue Feb 08 14:27:22 +0000 2022,1491056063122386944
Bot_Corona_V,RICMais_,Tue Feb 08 14:25:24 +0000 2022,1491055567913328641
Bot_Corona_V,TerezaCrisMS,Tue Feb 08 14:25:24 +0000 2022,1491055567913328641
RICMais_,TerezaCrisMS,Tue Feb 08 14:25:02 +0000 2022,1491055474548305921
corona_tweet,igormorais01,Tue Feb 08 14:23:50 +0000 2022,1491055173124464650
Bot_Corona_V,igormorais01,Tue Feb 08 14:23:24 +0000 2022,1491055064064139270
Bot_Corona_V,jornalagora_uol,Tue Feb 08 14:22:24 +0000 2022,1491054812133216258
RibeiroRamosA,NunoMotaSoares,Tue Feb 08 14:20:26 +0000 2022,1491054319059488771
m_soldati,ady_news,Tue Feb 08 14:19:25 +0000 2022,1491054062611042304
DanSantosDan1,NoticiaeGuerra,Tue Feb 08 14:18:46 +0000 2022,1491053897213169679
FATIMA13eLULA13,caicorn,Tue Feb 08 14:17:00 +0000 2022,1491053454944772099
FATIMA13eLULA13,jairbolsonaro,Tue Feb 08 14:17:00 +0000 2022,1491053454944772099
RodP13,contagemcorona1,Tue Feb 08 14:16:29 +0000 2022,1491053324157784068
luizhvitorio,NoticiaeGuerra,Tue Feb 08 14:14:04 +0000 2022,1491052717783261187
joaodomenech,flaviofachel,Tue Feb 08 14:13:03 +0000 2022,1491052461187944454
Pollux19531,SSalud_mx,Tue Feb 08 14:11:38 +0000 2022,1491052103753629696
nelsonmffrosa,SNS_Portugal,Tue Feb 08 14:11:29 +0000 2022,1491052065615130628
aimeedinizk,hrw_brasil,Tue Feb 08 14:10:03 +0000 2022,1491051704187555843
aimeedinizk,jairbolsonaro,Tue Feb 08 14:10:03 +0000 2022,1491051704187555843
LadyBridgertonz,marylira_98,Tue Feb 08 14:09:59 +0000 2022,1491051689658712071
franklinlimaj,hrw_brasil,Tue Feb 08 14:09:41 +0000 2022,1491051611040346112
franklinlimaj,jairbolsonaro,Tue Feb 08 14:09:41 +0000 2022,1491051611040346112
pcdobbahia65,aladilce,Tue Feb 08 14:09:24 +0000 2022,1491051539804344322
umaschala,aazglr,Tue Feb 08 14:08:28 +0000 2022,1491051306424967174
profetadorancor,contagemcorona1,Tue Feb 08 14:08:13 +0000 2022,1491051244945014784
tagsidols,evelynregly,Tue Feb 08 14:06:01 +0000 2022,1491050691434926082
ScienceBot8,BVFAPESP,Tue Feb 08 14:04:01 +0000 2022,1491050186214449155
hrw_brasil,jairbolsonaro,Tue Feb 08 14:03:55 +0000 2022,1491050161853894663
FonteBo41711612,tvbrasilgov,Tue Feb 08 14:03:30 +0000 2022,1491050057495240708
FonteBo41711612,minsaude,Tue Feb 08 14:03:30 +0000 2022,1491050057495240708
infoevelynregly,evelynregly,Tue Feb 08 14:02:50 +0000 2022,1491049887407898624
_Cesar_Munoz,jairbolsonaro,Tue Feb 08 14:02:03 +0000 2022,1491049690724372480
Bot_Corona_V,OlaMundoIndica,Tue Feb 08 14:01:23 +0000 2022,1491049522503503873
Bot_Corona_V,operamundi,Tue Feb 08 14:01:23 +0000 2022,1491049522503503873
OlaMundoIndica,operamundi,Tue Feb 08 14:01:17 +0000 2022,1491049497257984006
Andersonp1980,contagemcorona1,Tue Feb 08 14:00:26 +0000 2022,1491049286662238210
Bot_Corona_V,botdocovid,Tue Feb 08 14:00:23 +0000 2022,1491049270241284099
monicaedfisica,flaviofachel,Tue Feb 08 14:00:15 +0000 2022,1491049240038359040
IzabelLula,contagemcorona1,Tue Feb 08 13:59:11 +0000 2022,1491048969589633030
Bot_Corona_V,BrazilSFE,Tue Feb 08 13:58:22 +0000 2022,1491048766698360832
Bot_Corona_V,merial,Tue Feb 08 13:58:22 +0000 2022,1491048766698360832
Bot_Corona_V,kineta,Tue Feb 08 13:58:22 +0000 2022,1491048766698360832
BrazilSFE,merial,Tue Feb 08 13:58:10 +0000 2022,1491048715393671170
BrazilSFE,kineta,Tue Feb 08 13:58:10 +0000 2022,1491048715393671170
artistamermo,PesquisaFapesp,Tue Feb 08 13:57:04 +0000 2022,1491048436241600514
portalgp1,saudegovpi,Tue Feb 08 13:56:02 +0000 2022,1491048177600200707
bkbone,NoticiaeGuerra,Tue Feb 08 13:55:01 +0000 2022,1491047920875061250
canteiro_hugo,NoticiaeGuerra,Tue Feb 08 13:54:19 +0000 2022,1491047744424710149
Miral59633373,dridelatorre,Tue Feb 08 13:54:18 +0000 2022,1491047740897304576
helena_ansani,PesquisaFapesp,Tue Feb 08 13:53:00 +0000 2022,1491047413125025793
naoeramaisfacil,cnnportugal,Tue Feb 08 13:52:34 +0000 2022,1491047306183213057
informasus,fiocruz,Tue Feb 08 13:46:23 +0000 2022,1491045749169160192
jjaranaz94,jjaranaz94,Tue Feb 08 13:46:13 +0000 2022,1491045705565503489
jjaranaz94,TrasElValle_OBC,Tue Feb 08 13:46:10 +0000 2022,1491045694186323968
crispirillo,BlogTrendsbr,Tue Feb 08 13:43:37 +0000 2022,1491045053409955840
JWicktabajara,NoticiaeGuerra,Tue Feb 08 13:42:24 +0000 2022,1491044745858093057
ufmg99,BlogTrendsbr,Tue Feb 08 13:40:58 +0000 2022,1491044385966161920
TexugoBadger,NoticiaeGuerra,Tue Feb 08 13:34:16 +0000 2022,1491042701722406917
LciaFer95396187,contagemcorona1,Tue Feb 08 13:28:31 +0000 2022,1491041251759513601
Bot_Corona_V,LinhasdeElvas,Tue Feb 08 13:24:20 +0000 2022,1491040201954762752
MNetto14,NoticiaeGuerra,Tue Feb 08 13:23:35 +0000 2022,1491040010304655364
momisbridger,marylira_98,Tue Feb 08 13:20:38 +0000 2022,1491039266969128963
Matheuseml18,danielguimaf,Tue Feb 08 13:18:42 +0000 2022,1491038780425261060
coronazismo,NoticiaeGuerra,Tue Feb 08 13:17:14 +0000 2022,1491038411322687491
Bot_Corona_V,BrazilSFE,Tue Feb 08 13:15:20 +0000 2022,1491037935076007941
Bot_Corona_V,Wyeth,Tue Feb 08 13:15:20 +0000 2022,1491037935076007941
Bot_Corona_V,Zoetis,Tue Feb 08 13:15:20 +0000 2022,1491037935076007941
Bot_Corona_V,merial,Tue Feb 08 13:15:20 +0000 2022,1491037935076007941
Bot_Corona_V,apo_source_pt,Tue Feb 08 13:15:20 +0000 2022,1491037935067709442
BrazilSFE,Wyeth,Tue Feb 08 13:15:13 +0000 2022,1491037905158127623
BrazilSFE,Zoetis,Tue Feb 08 13:15:13 +0000 2022,1491037905158127623
viralvideovlogs,contagemcorona1,Tue Feb 08 13:07:49 +0000 2022,1491036044585746438
viralvideovlogs,MogKestering,Tue Feb 08 13:06:49 +0000 2022,1491035792738824200
Bot_Corona_V,SaudeMG,Tue Feb 08 13:06:19 +0000 2022,1491035667920470018
UNDPAngola,UNDP,Tue Feb 08 13:06:09 +0000 2022,1491035623595311109
leoheaste,SNS_Portugal,Tue Feb 08 13:05:55 +0000 2022,1491035566347284482
cassiotmurakami,spbancarios,Tue Feb 08 13:04:58 +0000 2022,1491035327586500610
cassiotmurakami,Bradesco,Tue Feb 08 13:04:58 +0000 2022,1491035327586500610
cassiotmurakami,spbancarios,Tue Feb 08 13:04:58 +0000 2022,1491035327586500610
Bot_Corona_V,Pivaconservador,Tue Feb 08 13:04:19 +0000 2022,1491035164138422275
Bot_Corona_V,Pivaconservador,Tue Feb 08 13:03:19 +0000 2022,1491034912211836931
Bot_Corona_V,jjaranaz94,Tue Feb 08 13:03:19 +0000 2022,1491034912211750914
Bot_Corona_V,Pivaconservador,Tue Feb 08 13:03:19 +0000 2022,1491034912165613571
jjaranaz94,jjaranaz94,Tue Feb 08 13:02:50 +0000 2022,1491034790082285569
moonysbee,marylira_98,Tue Feb 08 13:01:19 +0000 2022,1491034408627093504
Bot_Corona_V,BrCovidBot_1,Tue Feb 08 13:00:19 +0000 2022,1491034156654080007
chiccoze52,AfpChecamos,Tue Feb 08 12:59:49 +0000 2022,1491034028660584451
chiccoze52,CDCgov,Tue Feb 08 12:59:49 +0000 2022,1491034028660584451
Bot_Corona_V,BrazilSFE,Tue Feb 08 12:58:19 +0000 2022,1491033652704198659
Bot_Corona_V,merial,Tue Feb 08 12:58:19 +0000 2022,1491033652704198659
Bot_Corona_V,kineta,Tue Feb 08 12:58:19 +0000 2022,1491033652704198659
BrazilSFE,merial,Tue Feb 08 12:58:08 +0000 2022,1491033606705266699
BrazilSFE,kineta,Tue Feb 08 12:58:08 +0000 2022,1491033606705266699
mirsantos,PNUDBrasil,Tue Feb 08 12:43:10 +0000 2022,1491029841558130688
alonsy_,contagemcorona1,Tue Feb 08 12:42:06 +0000 2022,1491029570505482240
Bot_Corona_V,guarulhosonline,Tue Feb 08 12:32:18 +0000 2022,1491027103365672969
NoggieVinhos,fiocruz,Tue Feb 08 12:27:52 +0000 2022,1491025987546808321
Luc_deOliveira,PesquisaFapesp,Tue Feb 08 12:24:57 +0000 2022,1491025256990986246
Bot_Corona_V,PesquisaFapesp,Tue Feb 08 12:21:17 +0000 2022,1491024332260315141
resendeandrade1,contagemcorona1,Tue Feb 08 12:18:36 +0000 2022,1491023656226799617
forabozonar,contagemcorona1,Tue Feb 08 12:17:42 +0000 2022,1491023430795563011
miauhelo,contagemcorona1,Tue Feb 08 12:17:14 +0000 2022,1491023312553934848
Paramahansa2,contagemcorona1,Tue Feb 08 12:16:49 +0000 2022,1491023210816565254
pauloveloso2001,govpt,Tue Feb 08 12:15:06 +0000 2022,1491022776396058624
mulhergorila,contagemcorona1,Tue Feb 08 12:11:35 +0000 2022,1491021892790235137
mulhergorila,contagemcorona1,Tue Feb 08 12:11:08 +0000 2022,1491021778973569026
viralvideovlogs,contagemcorona1,Tue Feb 08 12:10:26 +0000 2022,1491021603232169987
mulhergorila,contagemcorona1,Tue Feb 08 12:10:24 +0000 2022,1491021595619446786
Icict_Fiocruz,CanalSaude,Tue Feb 08 12:10:20 +0000 2022,1491021576677982213
Bot_Corona_V,CanalSaude,Tue Feb 08 12:10:16 +0000 2022,1491021561620353030
bvenf,fiocruz,Tue Feb 08 12:08:50 +0000 2022,1491021200163622916
Bot_Corona_V,guarulhosonline,Tue Feb 08 12:08:16 +0000 2022,1491021057800957952
AnalyBastos,PNUDBrasil,Tue Feb 08 12:04:05 +0000 2022,1491020003600400385
Bot_Corona_V,covid19br_,Tue Feb 08 12:00:16 +0000 2022,1491019042320228356
Bot_Corona_V,covid19br_,Tue Feb 08 12:00:16 +0000 2022,1491019042215374859
agenciabrasil,minsaude,Tue Feb 08 12:00:01 +0000 2022,1491018982438019079
frc_vfco,contagemcorona1,Tue Feb 08 11:59:24 +0000 2022,1491018825403617284
Bot_Corona_V,BrazilSFE,Tue Feb 08 11:58:16 +0000 2022,1491018538508861446
Bot_Corona_V,merial,Tue Feb 08 11:58:16 +0000 2022,1491018538508861446
Bot_Corona_V,kineta,Tue Feb 08 11:58:16 +0000 2022,1491018538508861446
BrazilSFE,merial,Tue Feb 08 11:58:10 +0000 2022,1491018516207738881
BrazilSFE,kineta,Tue Feb 08 11:58:10 +0000 2022,1491018516207738881
Thelmaccruz,prefeituradegyn,Tue Feb 08 11:50:17 +0000 2022,1491016530263703557
sammillant,flaviofachel,Tue Feb 08 11:48:38 +0000 2022,1491016114595561477
veridianavazde,fiocruz,Tue Feb 08 11:48:21 +0000 2022,1491016045481828352
Julianalopesrj,flaviofachel,Tue Feb 08 11:46:00 +0000 2022,1491015455414407173
letrasmari,contagemcorona1,Tue Feb 08 11:41:27 +0000 2022,1491014306523414531
profetadorancor,contagemcorona1,Tue Feb 08 11:40:33 +0000 2022,1491014080181972992
Bot_Corona_V,imirante,Tue Feb 08 11:38:14 +0000 2022,1491013500545773569
CanalSaude,fiocruz,Tue Feb 08 11:38:00 +0000 2022,1491013440978419713
naoeramaisfacil,SICNoticias,Tue Feb 08 11:30:05 +0000 2022,1491011446247161860
OMassamik,RosaizumiRosa,Tue Feb 08 11:30:03 +0000 2022,1491011439875997700
BethMuhale,UNICEF_Moz,Tue Feb 08 11:25:24 +0000 2022,1491010268104884225
felipepinho86,tvcultura,Tue Feb 08 11:23:46 +0000 2022,1491009857511899149
EstanilauBretas,istoe_dinheiro,Tue Feb 08 11:18:35 +0000 2022,1491008552000901121
Rafinha42887124,contagemcorona1,Tue Feb 08 11:17:08 +0000 2022,1491008188233261056
RosaizumiRosa,WladyMello,Tue Feb 08 11:16:46 +0000 2022,1491008098571788290
RosaizumiRosa,Sandra08904140,Tue Feb 08 11:16:46 +0000 2022,1491008098571788290
RosaizumiRosa,GFiuza_Oficial,Tue Feb 08 11:16:46 +0000 2022,1491008098571788290
Bot_Corona_V,BrazilSFE,Tue Feb 08 11:15:13 +0000 2022,1491007706882261001
Bot_Corona_V,Wyeth,Tue Feb 08 11:15:13 +0000 2022,1491007706882261001
Bot_Corona_V,Zoetis,Tue Feb 08 11:15:13 +0000 2022,1491007706882261001
Bot_Corona_V,merial,Tue Feb 08 11:15:13 +0000 2022,1491007706882261001
BrazilSFE,Wyeth,Tue Feb 08 11:15:12 +0000 2022,1491007701559787522
BrazilSFE,Zoetis,Tue Feb 08 11:15:12 +0000 2022,1491007701559787522
SrtaGBing,marylira_98,Tue Feb 08 11:12:13 +0000 2022,1491006951911657475
Raissa_Silva_,Lauritaarruda,Tue Feb 08 11:11:51 +0000 2022,1491006859787919361
MarcianoBrito13,contagemcorona1,Tue Feb 08 11:11:28 +0000 2022,1491006761901301766
denio_vale,contagemcorona1,Tue Feb 08 11:10:47 +0000 2022,1491006590253944832
nicolaskasprzak,contagemcorona1,Tue Feb 08 11:07:02 +0000 2022,1491005647256649729
aurorapolarexp,butantanoficial,Tue Feb 08 11:05:16 +0000 2022,1491005204313284609
aurorapolarexp,butantanoficial,Tue Feb 08 11:05:16 +0000 2022,1491005204313284609
aurorapolarexp,jdoriajr,Tue Feb 08 11:05:16 +0000 2022,1491005204313284609
goianiabot,prefeituradegyn,Tue Feb 08 11:05:10 +0000 2022,1491005175716319235
Bot_Corona_V,correiodeminas,Tue Feb 08 11:00:12 +0000 2022,1491003928489738241
aurorapolarexp,butantanoficial,Tue Feb 08 10:59:30 +0000 2022,1491003749900472325
aurorapolarexp,butantanoficial,Tue Feb 08 10:59:30 +0000 2022,1491003749900472325
aurorapolarexp,jdoriajr,Tue Feb 08 10:59:30 +0000 2022,1491003749900472325
Bot_Corona_V,BrazilSFE,Tue Feb 08 10:58:12 +0000 2022,1491003424661516290
Bot_Corona_V,merial,Tue Feb 08 10:58:12 +0000 2022,1491003424661516290
Bot_Corona_V,kineta,Tue Feb 08 10:58:12 +0000 2022,1491003424661516290
Bot_Corona_V,vhcguapo,Tue Feb 08 10:58:12 +0000 2022,1491003424648970248
Bot_Corona_V,governope,Tue Feb 08 10:58:12 +0000 2022,1491003424648970248
BrazilSFE,merial,Tue Feb 08 10:58:07 +0000 2022,1491003403476025346
BrazilSFE,kineta,Tue Feb 08 10:58:07 +0000 2022,1491003403476025346
canalsmais,ECDC_EU,Tue Feb 08 10:57:59 +0000 2022,1491003368755859458
vhcguapo,governope,Tue Feb 08 10:57:57 +0000 2022,1491003361377730561
Bot_Corona_V,RNoticiaz,Tue Feb 08 10:53:12 +0000 2022,1491002165447606272
Bot_Corona_V,RNoticiaz,Tue Feb 08 10:53:12 +0000 2022,1491002165434986498
viralvideovlogs,RNoticiaz,Tue Feb 08 10:52:22 +0000 2022,1491001954549567488
Famsfigueira,flaviofachel,Tue Feb 08 10:42:45 +0000 2022,1490999534603829248
Rafinha42887124,contagemcorona1,Tue Feb 08 10:40:50 +0000 2022,1490999055501172736
luckvilla,contagemcorona1,Tue Feb 08 10:39:53 +0000 2022,1490998816296042498
Leonard29003696,contagemcorona1,Tue Feb 08 10:34:37 +0000 2022,1490997490728173570
Bot_Corona_V,FaroldaB,Tue Feb 08 10:27:10 +0000 2022,1490995615811178498
Bot_Corona_V,FaroldaB,Tue Feb 08 10:25:11 +0000 2022,1490995113945874432
NaeltonMAraujo,GovRJ,Tue Feb 08 10:20:59 +0000 2022,1490994057338060802
NaeltonMAraujo,SaudeGovRJ,Tue Feb 08 10:20:59 +0000 2022,1490994057338060802
Tareco_G,jairbolsonaro,Tue Feb 08 10:16:40 +0000 2022,1490992971411509250
NaeltonMAraujo,flaviofachel,Tue Feb 08 10:15:28 +0000 2022,1490992669958750208
campos_sanny,contagemcorona1,Tue Feb 08 10:15:21 +0000 2022,1490992639436804096
eduardo_spa,flaviofachel,Tue Feb 08 10:05:46 +0000 2022,1490990228899008512
RabieDimitri,MEZIANE_EMM,Tue Feb 08 10:00:41 +0000 2022,1490988947643994112
Bot_Corona_V,BrazilSFE,Tue Feb 08 09:58:09 +0000 2022,1490988310566776832
Bot_Corona_V,merial,Tue Feb 08 09:58:09 +0000 2022,1490988310566776832
Bot_Corona_V,kineta,Tue Feb 08 09:58:09 +0000 2022,1490988310566776832
BrazilSFE,merial,Tue Feb 08 09:58:07 +0000 2022,1490988301821620227
BrazilSFE,kineta,Tue Feb 08 09:58:07 +0000 2022,1490988301821620227
goianiabot,contagemcorona1,Tue Feb 08 09:57:09 +0000 2022,1490988061370601474
Rafinha42887124,contagemcorona1,Tue Feb 08 09:55:14 +0000 2022,1490987580073992201
MarianinhaGued1,contagemcorona1,Tue Feb 08 09:55:11 +0000 2022,1490987567571140608
DINDA_reserva,contagemcorona1,Tue Feb 08 09:52:46 +0000 2022,1490986956725288964
prifructis,contagemcorona1,Tue Feb 08 09:44:52 +0000 2022,1490984970579738625
soniagomes,flaviofachel,Tue Feb 08 09:41:06 +0000 2022,1490984019521314817
LizSant95664274,flaviofachel,Tue Feb 08 09:41:05 +0000 2022,1490984016782446597
israel_lippe,contagemcorona1,Tue Feb 08 09:40:45 +0000 2022,1490983935115132928
Teresa_Crystyna,contagemcorona1,Tue Feb 08 09:36:22 +0000 2022,1490982830972993538
andrade_jocelio,Arthurvneto,Tue Feb 08 09:30:21 +0000 2022,1490981316153966592
andrade_jocelio,jdoriajr,Tue Feb 08 09:30:21 +0000 2022,1490981316153966592
IamMarianitta,contagemcorona1,Tue Feb 08 09:19:20 +0000 2022,1490978543471415296
Bot_Corona_V,AtibaiaHoje,Tue Feb 08 09:15:06 +0000 2022,1490977478793379841
waldemariaraujo,flaviofachel,Tue Feb 08 09:02:55 +0000 2022,1490974413755346946
Bot_Corona_V,BrazilSFE,Tue Feb 08 08:59:05 +0000 2022,1490973449036128265
Bot_Corona_V,merial,Tue Feb 08 08:59:05 +0000 2022,1490973449036128265
Bot_Corona_V,kineta,Tue Feb 08 08:59:05 +0000 2022,1490973449036128265
BrazilSFE,merial,Tue Feb 08 08:58:08 +0000 2022,1490973207649738752
BrazilSFE,kineta,Tue Feb 08 08:58:08 +0000 2022,1490973207649738752
ValeriaVilar10,saudeniteroi,Tue Feb 08 08:57:46 +0000 2022,1490973117459877889
Bot_Corona_V,CoronavirusCD19,Tue Feb 08 08:42:04 +0000 2022,1490969166630866944
Bot_Corona_V,CoronavirusCD19,Tue Feb 08 08:42:04 +0000 2022,1490969166622466049
Bot_Corona_V,CoronavirusCD19,Tue Feb 08 08:42:04 +0000 2022,1490969166567858176
JoseAloiseBahia,redebrasilatual,Tue Feb 08 08:20:34 +0000 2022,1490963753873309697
internacionalzp,opaisonline,Tue Feb 08 08:04:49 +0000 2022,1490959791275061248
Bot_Corona_V,BrazilSFE,Tue Feb 08 07:59:02 +0000 2022,1490958335222468610
Bot_Corona_V,merial,Tue Feb 08 07:59:02 +0000 2022,1490958335222468610
Bot_Corona_V,kineta,Tue Feb 08 07:59:02 +0000 2022,1490958335222468610
BrazilSFE,merial,Tue Feb 08 07:58:06 +0000 2022,1490958100190625794
BrazilSFE,kineta,Tue Feb 08 07:58:06 +0000 2022,1490958100190625794
wesleyoferreira,BomDespacho_mg,Tue Feb 08 07:38:03 +0000 2022,1490953055759597571
RonaldodeQue,projmandacaru,Tue Feb 08 07:23:24 +0000 2022,1490949369688125441
EmersonDaviB,flaviofachel,Tue Feb 08 07:16:45 +0000 2022,1490947696441831424
Yurichrizandro,ACNURAngola,Tue Feb 08 07:03:30 +0000 2022,1490944358249480192
Bot_Corona_V,BrazilSFE,Tue Feb 08 06:58:59 +0000 2022,1490943221425487879
Bot_Corona_V,merial,Tue Feb 08 06:58:59 +0000 2022,1490943221425487879
Bot_Corona_V,kineta,Tue Feb 08 06:58:59 +0000 2022,1490943221425487879
BrazilSFE,merial,Tue Feb 08 06:58:08 +0000 2022,1490943009696980992
BrazilSFE,kineta,Tue Feb 08 06:58:08 +0000 2022,1490943009696980992
alephystera,tvcultura,Tue Feb 08 06:50:17 +0000 2022,1490941034301628417
viralvideovlogs,Wyviane,Tue Feb 08 06:43:07 +0000 2022,1490939229974712321
viralvideovlogs,g1,Tue Feb 08 06:43:07 +0000 2022,1490939229974712321
Crof,covidbrasilbot,Tue Feb 08 06:32:14 +0000 2022,1490936491412885504
InsPaschoarelli,contagemcorona1,Tue Feb 08 06:05:04 +0000 2022,1490929655259746307
Bot_Corona_V,sbtnews,Tue Feb 08 06:00:56 +0000 2022,1490928613453365249
unifesp,Unesp_Oficial,Tue Feb 08 06:00:01 +0000 2022,1490928383756312579
Bot_Corona_V,BrazilSFE,Tue Feb 08 05:58:55 +0000 2022,1490928107859152898
Bot_Corona_V,merial,Tue Feb 08 05:58:55 +0000 2022,1490928107859152898
Bot_Corona_V,kineta,Tue Feb 08 05:58:55 +0000 2022,1490928107859152898
BrazilSFE,merial,Tue Feb 08 05:58:07 +0000 2022,1490927905957978118
BrazilSFE,kineta,Tue Feb 08 05:58:07 +0000 2022,1490927905957978118
rodrigo_m_arati,contagemcorona1,Tue Feb 08 05:53:24 +0000 2022,1490926717300785155
rodrigo_m_arati,contagemcorona1,Tue Feb 08 05:53:13 +0000 2022,1490926674375954435
rodrigo_m_arati,contagemcorona1,Tue Feb 08 05:50:28 +0000 2022,1490925980013105153
pfelipe5,contagemcorona1,Tue Feb 08 05:32:52 +0000 2022,1490921551276822529
L4RIxis,flaviofachel,Tue Feb 08 05:21:15 +0000 2022,1490918628455518208
Alejandria72,SSalud_mx,Tue Feb 08 05:20:56 +0000 2022,1490918547241172992
MoralesRiubi,SSalud_mx,Tue Feb 08 05:01:11 +0000 2022,1490913576898338817
Bot_Corona_V,BrazilSFE,Tue Feb 08 04:58:52 +0000 2022,1490912994833879042
Bot_Corona_V,merial,Tue Feb 08 04:58:52 +0000 2022,1490912994833879042
Bot_Corona_V,kineta,Tue Feb 08 04:58:52 +0000 2022,1490912994833879042
BrazilSFE,merial,Tue Feb 08 04:58:08 +0000 2022,1490912808954904577
BrazilSFE,kineta,Tue Feb 08 04:58:08 +0000 2022,1490912808954904577
DokGabyPikoz,TheDoctorZombie,Tue Feb 08 04:56:03 +0000 2022,1490912284264505347
samnmx,SSalud_mx,Tue Feb 08 04:54:53 +0000 2022,1490911994190655491
Alejandria72,SSalud_mx,Tue Feb 08 04:50:40 +0000 2022,1490910930930388996
gersonnogueira,Lauritaarruda,Tue Feb 08 04:43:07 +0000 2022,1490909032709693441
nicolaskasprzak,denio_vale,Tue Feb 08 04:40:06 +0000 2022,1490908270315274242
nicolaskasprzak,contagemcorona1,Tue Feb 08 04:40:06 +0000 2022,1490908270315274242
nicolaskasprzak,adaopaiani,Tue Feb 08 04:40:06 +0000 2022,1490908270315274242
nicolaskasprzak,nicolaskasprzak,Tue Feb 08 04:40:06 +0000 2022,1490908270315274242
nicolaskasprzak,MiguelNicolelis,Tue Feb 08 04:40:06 +0000 2022,1490908270315274242
nicolaskasprzak,denio_vale,Tue Feb 08 04:39:46 +0000 2022,1490908186915708936
nicolaskasprzak,contagemcorona1,Tue Feb 08 04:39:46 +0000 2022,1490908186915708936
nicolaskasprzak,MiguelNicolelis,Tue Feb 08 04:39:46 +0000 2022,1490908186915708936
nicolaskasprzak,adaopaiani,Tue Feb 08 04:39:46 +0000 2022,1490908186915708936
nicolaskasprzak,nicolaskasprzak,Tue Feb 08 04:39:46 +0000 2022,1490908186915708936
CamiloLiang1,SSalud_mx,Tue Feb 08 04:20:30 +0000 2022,1490903340162883587
elogd,SSalud_mx,Tue Feb 08 04:12:33 +0000 2022,1490901339869569028
LucineaMariaDe1,RosaizumiRosa,Tue Feb 08 03:59:04 +0000 2022,1490897944635383808
Bot_Corona_V,BrazilSFE,Tue Feb 08 03:58:48 +0000 2022,1490897880135213057
Bot_Corona_V,merial,Tue Feb 08 03:58:48 +0000 2022,1490897880135213057
Bot_Corona_V,kineta,Tue Feb 08 03:58:48 +0000 2022,1490897880135213057
BrazilSFE,merial,Tue Feb 08 03:58:08 +0000 2022,1490897709674504195
BrazilSFE,kineta,Tue Feb 08 03:58:08 +0000 2022,1490897709674504195
PradoOseias,RosaizumiRosa,Tue Feb 08 03:56:59 +0000 2022,1490897420599050241
SSalud_Qro,SSalud_mx,Tue Feb 08 03:55:56 +0000 2022,1490897157767204866
VeraLuciaHolan3,minsaude,Tue Feb 08 03:49:17 +0000 2022,1490895484818374669
Rodrigopaz80,flaviofachel,Tue Feb 08 03:49:02 +0000 2022,1490895422306795521
mmadu,contagemcorona1,Tue Feb 08 03:44:57 +0000 2022,1490894394274172931
soobser47710052,contagemcorona1,Tue Feb 08 03:24:42 +0000 2022,1490889297423380482
soobser47710052,flaviofachel,Tue Feb 08 03:19:37 +0000 2022,1490888016360919045
Bot_Corona_V,BrazilSFE,Tue Feb 08 03:15:46 +0000 2022,1490887048349290496
Bot_Corona_V,Wyeth,Tue Feb 08 03:15:46 +0000 2022,1490887048349290496
Bot_Corona_V,Zoetis,Tue Feb 08 03:15:46 +0000 2022,1490887048349290496
Bot_Corona_V,merial,Tue Feb 08 03:15:46 +0000 2022,1490887048349290496
BrazilSFE,Wyeth,Tue Feb 08 03:15:08 +0000 2022,1490886887615119364
BrazilSFE,Zoetis,Tue Feb 08 03:15:08 +0000 2022,1490886887615119364
fbertier,OPASOMSBrasil,Tue Feb 08 03:14:42 +0000 2022,1490886779352010755
Bot_Corona_V,nembc_official,Tue Feb 08 03:05:45 +0000 2022,1490884529606778886
verbrasil2020,RosaizumiRosa,Tue Feb 08 03:02:48 +0000 2022,1490883786967379972
Nathzinha1707,dinizsergio1,Tue Feb 08 03:01:36 +0000 2022,1490883482033483778
lulinhares05,flaviofachel,Tue Feb 08 03:01:02 +0000 2022,1490883341251317760
GiseliDornelas,contagemcorona1,Tue Feb 08 03:00:30 +0000 2022,1490883205305892864
Bot_Corona_V,BrazilSFE,Tue Feb 08 02:58:45 +0000 2022,1490882766468268034
Bot_Corona_V,merial,Tue Feb 08 02:58:45 +0000 2022,1490882766468268034
Bot_Corona_V,kineta,Tue Feb 08 02:58:45 +0000 2022,1490882766468268034
BrazilSFE,merial,Tue Feb 08 02:58:06 +0000 2022,1490882605004251141
BrazilSFE,kineta,Tue Feb 08 02:58:06 +0000 2022,1490882605004251141
NetoOli49377720,RosaizumiRosa,Tue Feb 08 02:51:52 +0000 2022,1490881034019164160
Bernardes1Lusa,RosaizumiRosa,Tue Feb 08 02:40:24 +0000 2022,1490878149131108356
Bernardes1Lusa,Sandra08904140,Tue Feb 08 02:40:24 +0000 2022,1490878149131108356
Bernardes1Lusa,GFiuza_Oficial,Tue Feb 08 02:40:24 +0000 2022,1490878149131108356
OrlandoMachado,projmandacaru,Tue Feb 08 02:40:14 +0000 2022,1490878107548454915
NoticierosRG,SSalud_mx,Tue Feb 08 02:33:59 +0000 2022,1490876532817993731
tatbarboza,flaviofachel,Tue Feb 08 02:30:30 +0000 2022,1490875655332204544
profetadorancor,contagemcorona1,Tue Feb 08 02:30:11 +0000 2022,1490875578148585472
edramx,SSalud_mx,Tue Feb 08 02:24:13 +0000 2022,1490874075241193479
corona_tweet,VBolsonaro22,Tue Feb 08 02:24:00 +0000 2022,1490874022397198339
corona_tweet,randolfeap,Tue Feb 08 02:24:00 +0000 2022,1490874022397198339
corona_tweet,OmarAzizSenador,Tue Feb 08 02:24:00 +0000 2022,1490874022397198339
corona_tweet,jdoriajr,Tue Feb 08 02:24:00 +0000 2022,1490874022397198339
corona_tweet,ContaratoSenado,Tue Feb 08 02:24:00 +0000 2022,1490874022397198339
corona_tweet,senadorhumberto,Tue Feb 08 02:24:00 +0000 2022,1490874022397198339
corona_tweet,renancalheiros,Tue Feb 08 02:24:00 +0000 2022,1490874022397198339
Bot_Corona_V,VBolsonaro22,Tue Feb 08 02:23:43 +0000 2022,1490873950385152003
Bot_Corona_V,randolfeap,Tue Feb 08 02:23:43 +0000 2022,1490873950385152003
Bot_Corona_V,OmarAzizSenador,Tue Feb 08 02:23:43 +0000 2022,1490873950385152003
Bot_Corona_V,jdoriajr,Tue Feb 08 02:23:43 +0000 2022,1490873950385152003
Bot_Corona_V,ContaratoSenado,Tue Feb 08 02:23:43 +0000 2022,1490873950385152003
Bot_Corona_V,senadorhumberto,Tue Feb 08 02:23:43 +0000 2022,1490873950385152003
Bot_Corona_V,renancalheiros,Tue Feb 08 02:23:43 +0000 2022,1490873950385152003
VBolsonaro22,randolfeap,Tue Feb 08 02:23:15 +0000 2022,1490873833292636163
VBolsonaro22,OmarAzizSenador,Tue Feb 08 02:23:15 +0000 2022,1490873833292636163
VBolsonaro22,jdoriajr,Tue Feb 08 02:23:15 +0000 2022,1490873833292636163
VBolsonaro22,ContaratoSenado,Tue Feb 08 02:23:15 +0000 2022,1490873833292636163
VBolsonaro22,senadorhumberto,Tue Feb 08 02:23:15 +0000 2022,1490873833292636163
VBolsonaro22,renancalheiros,Tue Feb 08 02:23:15 +0000 2022,1490873833292636163
ba_aninha,drauziovarella,Tue Feb 08 02:21:45 +0000 2022,1490873455910309888
ba_aninha,agenciabrasil,Tue Feb 08 02:21:42 +0000 2022,1490873442098372615
ba_aninha,minsaude,Tue Feb 08 02:21:42 +0000 2022,1490873442098372615
ba_aninha,minsaude,Tue Feb 08 02:21:39 +0000 2022,1490873428248780801
Marcos_Marcelo_,Madruga2020,Tue Feb 08 02:17:55 +0000 2022,1490872490561708036
Igualdadejusti1,contagemcorona1,Tue Feb 08 02:17:48 +0000 2022,1490872461595865089
Bot_Corona_V,LOC_ADALBERTO,Tue Feb 08 02:17:43 +0000 2022,1490872438992908288
Bot_Corona_V,GFiuza_Oficial,Tue Feb 08 02:17:43 +0000 2022,1490872438992908288
Bot_Corona_V,PastorLiomar,Tue Feb 08 02:17:43 +0000 2022,1490872438992908288
Igualdadejusti1,contagemcorona1,Tue Feb 08 02:17:11 +0000 2022,1490872304737599489
LOC_ADALBERTO,GFiuza_Oficial,Tue Feb 08 02:16:48 +0000 2022,1490872209497374721
LOC_ADALBERTO,PastorLiomar,Tue Feb 08 02:16:48 +0000 2022,1490872209497374721
Andersonp1980,contagemcorona1,Tue Feb 08 02:16:26 +0000 2022,1490872119210942467
Andersonp1980,contagemcorona1,Tue Feb 08 02:16:07 +0000 2022,1490872036037574656
dorismac64,flaviofachel,Tue Feb 08 02:15:17 +0000 2022,1490871828512120834
DagobertoP04,contagemcorona1,Tue Feb 08 02:13:26 +0000 2022,1490871362507837447
DagobertoP04,g1,Tue Feb 08 02:13:26 +0000 2022,1490871362507837447
RosaizumiRosa,Sandra08904140,Tue Feb 08 02:07:27 +0000 2022,1490869857445093377
RosaizumiRosa,GFiuza_Oficial,Tue Feb 08 02:07:27 +0000 2022,1490869857445093377
JulioPezR,SSalud_mx,Tue Feb 08 02:07:02 +0000 2022,1490869751593455617
Mulher_Noticia,contagemcorona1,Tue Feb 08 02:05:57 +0000 2022,1490869481236692994
Mulher_Noticia,contagemcorona1,Tue Feb 08 02:05:25 +0000 2022,1490869343562833926
neuza_paiva,Drmarcosbizarro,Tue Feb 08 02:04:48 +0000 2022,1490869189913022465
carlagastal,flaviofachel,Tue Feb 08 02:01:07 +0000 2022,1490868262540017666
DGEMexico,SSalud_mx,Tue Feb 08 02:01:00 +0000 2022,1490868232303280129
Bot_Corona_V,botdocovid,Tue Feb 08 02:00:42 +0000 2022,1490868156608487424
Antonio08305021,contagemcorona1,Tue Feb 08 01:59:59 +0000 2022,1490867978082164736
Bot_Corona_V,BrazilSFE,Tue Feb 08 01:58:42 +0000 2022,1490867653115879429
Bot_Corona_V,merial,Tue Feb 08 01:58:42 +0000 2022,1490867653115879429
Bot_Corona_V,kineta,Tue Feb 08 01:58:42 +0000 2022,1490867653115879429
CandiaCrf,contagemcorona1,Tue Feb 08 01:58:23 +0000 2022,1490867573784981505
BrazilSFE,merial,Tue Feb 08 01:58:07 +0000 2022,1490867509515411462
BrazilSFE,kineta,Tue Feb 08 01:58:07 +0000 2022,1490867509515411462
juristadofuturo,NacoesUnidas,Tue Feb 08 01:56:03 +0000 2022,1490866986267598858
FadaIlha,flaviofachel,Tue Feb 08 01:53:19 +0000 2022,1490866300901801984
marioasouza72,flaviofachel,Tue Feb 08 01:48:47 +0000 2022,1490865158616350720
gnkaos12,contagemcorona1,Tue Feb 08 01:46:10 +0000 2022,1490864501398425602
renata_ze,contagemcorona1,Tue Feb 08 01:44:08 +0000 2022,1490863990729474049
aquijuz,contagemcorona1,Tue Feb 08 01:43:50 +0000 2022,1490863913574944768
01_victorsouza,danielguimaf,Tue Feb 08 01:43:35 +0000 2022,1490863850341629955
Angela40638513,flaviofachel,Tue Feb 08 01:41:18 +0000 2022,1490863276355624960
alberidias,OPASOMSBrasil,Tue Feb 08 01:39:47 +0000 2022,1490862895764164608
CaioFra81146899,contagemcorona1,Tue Feb 08 01:36:29 +0000 2022,1490862063668891652
arijunior_up,Metropoles,Tue Feb 08 01:35:53 +0000 2022,1490861913441734656
MarlonApareci10,danielguimaf,Tue Feb 08 01:33:07 +0000 2022,1490861216918429697
netoananas,fiocruz,Tue Feb 08 01:30:33 +0000 2022,1490860569771266048
DataTweet7,danielguimaf,Tue Feb 08 01:29:35 +0000 2022,1490860327218860032
turicas,brasil_io,Tue Feb 08 01:20:33 +0000 2022,1490858055776423936
turicas,brasil_io,Tue Feb 08 01:20:33 +0000 2022,1490858055776423936
GrajedaOlivas,SSalud_mx,Tue Feb 08 01:18:44 +0000 2022,1490857596827447297
TooboringStay,jornal_cultura,Tue Feb 08 01:16:50 +0000 2022,1490857118005866499
Salud_Hidalgo,SSalud_mx,Tue Feb 08 01:15:51 +0000 2022,1490856871594717184
Bot_Corona_V,BrazilSFE,Tue Feb 08 01:15:39 +0000 2022,1490856821816532997
Bot_Corona_V,Wyeth,Tue Feb 08 01:15:39 +0000 2022,1490856821816532997
Bot_Corona_V,Zoetis,Tue Feb 08 01:15:39 +0000 2022,1490856821816532997
Bot_Corona_V,merial,Tue Feb 08 01:15:39 +0000 2022,1490856821816532997
BrazilSFE,Wyeth,Tue Feb 08 01:15:07 +0000 2022,1490856688462839812
BrazilSFE,Zoetis,Tue Feb 08 01:15:07 +0000 2022,1490856688462839812
jothwitter,flaviofachel,Tue Feb 08 01:14:13 +0000 2022,1490856461505003521
RssPravda,fiocruz,Tue Feb 08 01:14:13 +0000 2022,1490856458510024712
NobreRS,fiocruz,Tue Feb 08 01:12:52 +0000 2022,1490856120340021252
Bot_Corona_V,HolofoteD,Tue Feb 08 01:12:39 +0000 2022,1490856066095226882
MdgAbe,SSalud_mx,Tue Feb 08 01:08:46 +0000 2022,1490855088327331840
marioasouza72,flaviofachel,Tue Feb 08 01:03:13 +0000 2022,1490853693373448193
marcosmelo47,WSarai,Tue Feb 08 01:03:06 +0000 2022,1490853662490570752
KellenBrava,VitaoDebochado,Tue Feb 08 01:01:58 +0000 2022,1490853378905174017
angelarosane,flaviofachel,Tue Feb 08 01:01:04 +0000 2022,1490853148755652609
Bot_Corona_V,BrCovidBot_1,Tue Feb 08 01:00:38 +0000 2022,1490853043247718401
DuhBastos,flaviofachel,Tue Feb 08 00:59:09 +0000 2022,1490852670441091072
Bot_Corona_V,BrazilSFE,Tue Feb 08 00:58:38 +0000 2022,1490852539323097090
Bot_Corona_V,merial,Tue Feb 08 00:58:38 +0000 2022,1490852539323097090
Bot_Corona_V,kineta,Tue Feb 08 00:58:38 +0000 2022,1490852539323097090
BrazilSFE,merial,Tue Feb 08 00:58:09 +0000 2022,1490852415570120708
BrazilSFE,kineta,Tue Feb 08 00:58:09 +0000 2022,1490852415570120708
augustovasconc,bancariosbahia,Tue Feb 08 00:57:23 +0000 2022,1490852222720442368
opressor_es,agenciabrasil,Tue Feb 08 00:52:27 +0000 2022,1490850982879965186
sorayabborges,AfpChecamos,Tue Feb 08 00:52:02 +0000 2022,1490850878328381440
sorayabborges,CDCgov,Tue Feb 08 00:52:02 +0000 2022,1490850878328381440
viralvideovlogs,cdef_com_br,Tue Feb 08 00:50:01 +0000 2022,1490850367953055746
SandyPandy_Oh_,SSalud_mx,Tue Feb 08 00:49:18 +0000 2022,1490850190948851717
RedeTaxi,TaxiAlphaville,Tue Feb 08 00:48:26 +0000 2022,1490849971494699008
OliviadeMaio1,redebrasilatual,Tue Feb 08 00:44:57 +0000 2022,1490849096625954816
Cleuza2021,agenciabrasil,Tue Feb 08 00:43:55 +0000 2022,1490848835182424065
silvrib,redebrasilatual,Tue Feb 08 00:40:29 +0000 2022,1490847968815357955
Estigiaed,SSalud_mx,Tue Feb 08 00:39:56 +0000 2022,1490847834203172870
renatadesouzas,flaviofachel,Tue Feb 08 00:38:59 +0000 2022,1490847593110601730
Andersonp1980,contagemcorona1,Tue Feb 08 00:35:12 +0000 2022,1490846640307339267
GiseliDornelas,flaviofachel,Tue Feb 08 00:34:57 +0000 2022,1490846579233800193
vbftavares,Arthurvneto,Tue Feb 08 00:34:52 +0000 2022,1490846558203834370
vbftavares,jdoriajr,Tue Feb 08 00:34:52 +0000 2022,1490846558203834370
ernani_neto,redebrasilatual,Tue Feb 08 00:34:39 +0000 2022,1490846503899967489
ab_adv,contagemcorona1,Tue Feb 08 00:32:53 +0000 2022,1490846059387834369
MFreireB_13,redebrasilatual,Tue Feb 08 00:29:49 +0000 2022,1490845287451361280
SamuelLernerArq,flaviofachel,Tue Feb 08 00:28:55 +0000 2022,1490845061151543299
acg747,redebrasilatual,Tue Feb 08 00:27:55 +0000 2022,1490844809288126465
VelindaDe,redebrasilatual,Tue Feb 08 00:24:26 +0000 2022,1490843933169307653
Bot_Corona_V,denio_vale,Tue Feb 08 00:23:36 +0000 2022,1490843723743305728
Bot_Corona_V,contagemcorona1,Tue Feb 08 00:23:36 +0000 2022,1490843723743305728
Bot_Corona_V,MiguelNicolelis,Tue Feb 08 00:23:36 +0000 2022,1490843723743305728
Bot_Corona_V,adaopaiani,Tue Feb 08 00:23:36 +0000 2022,1490843723743305728
Bot_Corona_V,nicolaskasprzak,Tue Feb 08 00:23:36 +0000 2022,1490843723743305728
Bot_Corona_V,denio_vale,Tue Feb 08 00:23:36 +0000 2022,1490843723613282307
Bot_Corona_V,contagemcorona1,Tue Feb 08 00:23:36 +0000 2022,1490843723613282307
Bot_Corona_V,MiguelNicolelis,Tue Feb 08 00:23:36 +0000 2022,1490843723613282307
Bot_Corona_V,adaopaiani,Tue Feb 08 00:23:36 +0000 2022,1490843723613282307
Bot_Corona_V,nicolaskasprzak,Tue Feb 08 00:23:36 +0000 2022,1490843723613282307
denio_vale,denio_vale,Tue Feb 08 00:22:53 +0000 2022,1490843539869433860
denio_vale,contagemcorona1,Tue Feb 08 00:22:53 +0000 2022,1490843539869433860
denio_vale,MiguelNicolelis,Tue Feb 08 00:22:53 +0000 2022,1490843539869433860
denio_vale,adaopaiani,Tue Feb 08 00:22:53 +0000 2022,1490843539869433860
denio_vale,nicolaskasprzak,Tue Feb 08 00:22:53 +0000 2022,1490843539869433860
denio_vale,contagemcorona1,Tue Feb 08 00:22:46 +0000 2022,1490843513675673601
denio_vale,MiguelNicolelis,Tue Feb 08 00:22:46 +0000 2022,1490843513675673601
denio_vale,adaopaiani,Tue Feb 08 00:22:46 +0000 2022,1490843513675673601
denio_vale,nicolaskasprzak,Tue Feb 08 00:22:46 +0000 2022,1490843513675673601
leonelldourado,flaviofachel,Tue Feb 08 00:21:43 +0000 2022,1490843249086722048
MSOIV,flaviofachel,Tue Feb 08 00:20:51 +0000 2022,1490843030286643203
vzleao,flaviofachel,Tue Feb 08 00:18:44 +0000 2022,1490842495592591362
carlarangel1,flaviofachel,Tue Feb 08 00:18:03 +0000 2022,1490842325773344772
denio_vale,denio_vale,Tue Feb 08 00:17:50 +0000 2022,1490842268697509888
denio_vale,contagemcorona1,Tue Feb 08 00:17:50 +0000 2022,1490842268697509888
denio_vale,adaopaiani,Tue Feb 08 00:17:50 +0000 2022,1490842268697509888
denio_vale,nicolaskasprzak,Tue Feb 08 00:17:50 +0000 2022,1490842268697509888
denio_vale,MiguelNicolelis,Tue Feb 08 00:17:50 +0000 2022,1490842268697509888
denio_vale,contagemcorona1,Tue Feb 08 00:17:43 +0000 2022,1490842239244800002
denio_vale,adaopaiani,Tue Feb 08 00:17:43 +0000 2022,1490842239244800002
denio_vale,nicolaskasprzak,Tue Feb 08 00:17:43 +0000 2022,1490842239244800002
denio_vale,MiguelNicolelis,Tue Feb 08 00:17:43 +0000 2022,1490842239244800002
jornalistavitor,de_usp,Tue Feb 08 00:17:24 +0000 2022,1490842161805471753
Noem48,SSalud_mx,Tue Feb 08 00:13:16 +0000 2022,1490841122213711879
Time_G_Nao_Sobe,flaviofachel,Tue Feb 08 00:10:33 +0000 2022,1490840438911418369
cecy12114386,SSalud_mx,Tue Feb 08 00:10:29 +0000 2022,1490840420376408068
MarcioRivelino,flaviofachel,Tue Feb 08 00:06:24 +0000 2022,1490839394479185924
Lozano_Cloe,SSalud_mx,Tue Feb 08 00:06:08 +0000 2022,1490839326401318915
janepeixoto787,flaviofachel,Tue Feb 08 00:05:36 +0000 2022,1490839191319547910
ElaineRoch,flaviofachel,Tue Feb 08 00:03:01 +0000 2022,1490838541034680320
viralvideovlogs,SSalud_mx,Tue Feb 08 00:02:51 +0000 2022,1490838498601017350
MichellMontser5,SSalud_mx,Tue Feb 08 00:02:49 +0000 2022,1490838490120085512
eduardochino94,SSalud_mx,Tue Feb 08 00:02:08 +0000 2022,1490838319894130689
GenilPavan,flaviofachel,Tue Feb 08 00:01:54 +0000 2022,1490838262122172417
beatrizcastrope,flaviofachel,Tue Feb 08 00:00:46 +0000 2022,1490837975315349507
Bot_Corona_V,covid19br_,Tue Feb 08 00:00:35 +0000 2022,1490837930075738114
Bot_Corona_V,covid19br_,Tue Feb 08 00:00:35 +0000 2022,1490837930075734018
